Workbook

Sheet Comparative
A1: COMPARATIVE STATEMENT OF QUOTATIONS – RFQ (MEDICINES)
A2: Lowest rate per item is highlighted green. Blank = not quoted / NIL. Rates are as quoted per UOM (Muller: "Price Per Pack").
A4: Sr | B4: Item Code | C4: Item (Generic) | D4: Preferred Brands (as per RFQ) | E4: UOM | F4: Qty | G4: Ahsan | I4: Aslam | K4: Jamil | M4: Muller | O4: NMMC | Q4: Platinum | S4: No. of Quotes | T4: Lowest Rate | U4: Lowest Vendor(s) | V4: Value @ Lowest Rate | W4: Remarks
G5: Rate | H5: Quoted Brand | I5: Rate | J5: Quoted Brand | K5: Rate | L5: Quoted Brand | M5: Rate | N5: Quoted Brand | O5: Rate | P5: Quoted Brand | Q5: Rate | R5: Quoted Brand
A6: 1 | B6: 99-98-9120014-12-000-000 | C6: INJECTION-TIRZEPATIDE 15 MG/0.5 ML | D6: TIRZATRIM (MACTER), ZEPTIDE(FEROZSONS), TIRVOX (HORIZON) | E6: EACH | F6: 200 | M6: 5525 | N6: ZEPTIDE(FEROZSONS) | S6: =COUNT(G6,I6,K6,M6,O6,Q6) -> 1 | T6: =IF(S6=0,"",MIN(G6,I6,K6,M6,O6,Q6)) -> 5525 | U6: =IF(S6=0,"No quote",LEFT(IF(AND(ISNUMBER(G6),G6=T6),"Ahsan, ","")&IF(AND(ISNUMBER(I6),I6=T6),"Aslam, ","")&IF(AND(ISNUMBER(K6),K6=T6),"Jamil, ","")&IF(AND(ISNUMBER(M6),M6=T6),"Muller, ","")&IF(AND(ISNUMBER(O6),O6=T6),"NMMC, ","")&IF(AND(ISNUMBER(Q6),Q6=T6),"Platinum, ",""),LEN(IF(AND(ISNUMBER(G6),G6=T6),"Ahsan, ","")&IF(AND(ISNUMBER(I6),I6=T6),"Aslam, ","")&IF(AND(ISNUMBER(K6),K6=T6),"Jamil, ","")&IF(AND(ISNUMBER(M6),M6=T6),"Muller, ","")&IF(AND(ISNUMBER(O6),O6=T6),"NMMC, ","")&IF(AND(ISNUMBER(Q6),Q6=T6),"Platinum, ",""))-2)) -> Muller | V6: =IF(S6=0,"",T6*F6) -> 1105000
A7: 2 | B7: 99-98-9120014-11-000-000 | C7: INJECTION-TIRZEPATIDE 7.5 MG/0.5 ML | D7: TIRZATRIM (MACTER), ZEPTIDE (FEROZSONS), TIRVOX (HORIZON) | E7: EACH | F7: 200 | M7: 4207.5 | N7: ZEPTIDE(FEROZSONS) | S7: =COUNT(G7,I7,K7,M7,O7,Q7) -> 1 | T7: =IF(S7=0,"",MIN(G7,I7,K7,M7,O7,Q7)) -> 4207.5 | U7: =IF(S7=0,"No quote",LEFT(IF(AND(ISNUMBER(G7),G7=T7),"Ahsan, ","")&IF(AND(ISNUMBER(I7),I7=T7),"Aslam, ","")&IF(AND(ISNUMBER(K7),K7=T7),"Jamil, ","")&IF(AND(ISNUMBER(M7),M7=T7),"Muller, ","")&IF(AND(ISNUMBER(O7),O7=T7),"NMMC, ","")&IF(AND(ISNUMBER(Q7),Q7=T7),"Platinum, ",""),LEN(IF(AND(ISNUMBER(G7),G7=T7),"Ahsan, ","")&IF(AND(ISNUMBER(I7),I7=T7),"Aslam, ","")&IF(AND(ISNUMBER(K7),K7=T7),"Jamil, ","")&IF(AND(ISNUMBER(M7),M7=T7),"Muller, ","")&IF(AND(ISNUMBER(O7),O7=T7),"NMMC, ","")&IF(AND(ISNUMBER(Q7),Q7=T7),"Platinum, ",""))-2)) -> Muller | V7: =IF(S7=0,"",T7*F7) -> 841500
A8: 3 | B8: 99-98-9120014-10-000-000 | C8: INJECTION-TIRZEPATIDE 5 MG/0.5 ML | D8: TIRZATRIM(MACTER), ZEPTIDE (FEROZSONS), TIRVOX (HORIZON) | E8: EACH | F8: 100 | M8: 3357.5 | N8: ZEPTIDE(FEROZSONS) | S8: =COUNT(G8,I8,K8,M8,O8,Q8) -> 1 | T8: =IF(S8=0,"",MIN(G8,I8,K8,M8,O8,Q8)) -> 3357.5 | U8: =IF(S8=0,"No quote",LEFT(IF(AND(ISNUMBER(G8),G8=T8),"Ahsan, ","")&IF(AND(ISNUMBER(I8),I8=T8),"Aslam, ","")&IF(AND(ISNUMBER(K8),K8=T8),"Jamil, ","")&IF(AND(ISNUMBER(M8),M8=T8),"Muller, ","")&IF(AND(ISNUMBER(O8),O8=T8),"NMMC, ","")&IF(AND(ISNUMBER(Q8),Q8=T8),"Platinum, ",""),LEN(IF(AND(ISNUMBER(G8),G8=T8),"Ahsan, ","")&IF(AND(ISNUMBER(I8),I8=T8),"Aslam, ","")&IF(AND(ISNUMBER(K8),K8=T8),"Jamil, ","")&IF(AND(ISNUMBER(M8),M8=T8),"Muller, ","")&IF(AND(ISNUMBER(O8),O8=T8),"NMMC, ","")&IF(AND(ISNUMBER(Q8),Q8=T8),"Platinum, ",""))-2)) -> Muller | V8: =IF(S8=0,"",T8*F8) -> 335750
A9: 4 | B9: 99-98-9120014-09-000-000 | C9: INJECTION-TIRZEPATIDE 2.5 MG/0.5 ML | D9: TIRZATRIM (MACTER), ZEPTIDE (FEROZSONS), TIRVOX (HORIZON) | E9: EACH | F9: 100 | M9: 2507.5 | N9: ZEPTIDE(FEROZSONS) | S9: =COUNT(G9,I9,K9,M9,O9,Q9) -> 1 | T9: =IF(S9=0,"",MIN(G9,I9,K9,M9,O9,Q9)) -> 2507.5 | U9: =IF(S9=0,"No quote",LEFT(IF(AND(ISNUMBER(G9),G9=T9),"Ahsan, ","")&IF(AND(ISNUMBER(I9),I9=T9),"Aslam, ","")&IF(AND(ISNUMBER(K9),K9=T9),"Jamil, ","")&IF(AND(ISNUMBER(M9),M9=T9),"Muller, ","")&IF(AND(ISNUMBER(O9),O9=T9),"NMMC, ","")&IF(AND(ISNUMBER(Q9),Q9=T9),"Platinum, ",""),LEN(IF(AND(ISNUMBER(G9),G9=T9),"Ahsan, ","")&IF(AND(ISNUMBER(I9),I9=T9),"Aslam, ","")&IF(AND(ISNUMBER(K9),K9=T9),"Jamil, ","")&IF(AND(ISNUMBER(M9),M9=T9),"Muller, ","")&IF(AND(ISNUMBER(O9),O9=T9),"NMMC, ","")&IF(AND(ISNUMBER(Q9),Q9=T9),"Platinum, ",""))-2)) -> Muller | V9: =IF(S9=0,"",T9*F9) -> 250750
A10: 5 | B10: 99-98-9120027-74-000-000 | C10: SACHET-MONTELUKAST 4 MG | D10: FLOAID (ABBOTT), SOLO (ATCO), MONTIGET (GETZ), LUCAST (OBS/AGP), VENTEK (SEARLE), MYTEKA (HILTON), AEROKAST (BH) | E10: PACKET | F10: 100 | G10: 368.9 | H10: AEROKAST | I10: 348.5 | J10: Bosch | K10: 371.28 | L10: FLOAID 4MG | M10: 403.55 | N10: LUCAST (OBS/AGP) | O10: 326.4 | P10: SOLO 4MG SACHET | S10: =COUNT(G10,I10,K10,M10,O10,Q10) -> 5 | T10: =IF(S10=0,"",MIN(G10,I10,K10,M10,O10,Q10)) -> 326.4 | U10: =IF(S10=0,"No quote",LEFT(IF(AND(ISNUMBER(G10),G10=T10),"Ahsan, ","")&IF(AND(ISNUMBER(I10),I10=T10),"Aslam, ","")&IF(AND(ISNUMBER(K10),K10=T10),"Jamil, ","")&IF(AND(ISNUMBER(M10),M10=T10),"Muller, ","")&IF(AND(ISNUMBER(O10),O10=T10),"NMMC, ","")&IF(AND(ISNUMBER(Q10),Q10=T10),"Platinum, ",""),LEN(IF(AND(ISNUMBER(G10),G10=T10),"Ahsan, ","")&IF(AND(ISNUMBER(I10),I10=T10),"Aslam, ","")&IF(AND(ISNUMBER(K10),K10=T10),"Jamil, ","")&IF(AND(ISNUMBER(M10),M10=T10),"Muller, ","")&IF(AND(ISNUMBER(O10),O10=T10),"NMMC, ","")&IF(AND(ISNUMBER(Q10),Q10=T10),"Platinum, ",""))-2)) -> NMMC | V10: =IF(S10=0,"",T10*F10) -> 32640
A11: 6 | B11: 99-98-9120014-04-000-000 | C11: INJECTION-ONDANSETRON 8 MG | D11: ONSEGET (GETZ), EMESSON (HIGHNOON), ZOFRAN (OBS/AGP), ONTIV (SAMI), ENDTRON (HORIZON), ONSET(PHARMEDIC) | E11: EACH | F11: 100 | I11: 786.25 | J11: Horizon | M11: 212.5 | N11: ZOFRAN (OBS/AGP) | S11: =COUNT(G11,I11,K11,M11,O11,Q11) -> 2 | T11: =IF(S11=0,"",MIN(G11,I11,K11,M11,O11,Q11)) -> 212.5 | U11: =IF(S11=0,"No quote",LEFT(IF(AND(ISNUMBER(G11),G11=T11),"Ahsan, ","")&IF(AND(ISNUMBER(I11),I11=T11),"Aslam, ","")&IF(AND(ISNUMBER(K11),K11=T11),"Jamil, ","")&IF(AND(ISNUMBER(M11),M11=T11),"Muller, ","")&IF(AND(ISNUMBER(O11),O11=T11),"NMMC, ","")&IF(AND(ISNUMBER(Q11),Q11=T11),"Platinum, ",""),LEN(IF(AND(ISNUMBER(G11),G11=T11),"Ahsan, ","")&IF(AND(ISNUMBER(I11),I11=T11),"Aslam, ","")&IF(AND(ISNUMBER(K11),K11=T11),"Jamil, ","")&IF(AND(ISNUMBER(M11),M11=T11),"Muller, ","")&IF(AND(ISNUMBER(O11),O11=T11),"NMMC, ","")&IF(AND(ISNUMBER(Q11),Q11=T11),"Platinum, ",""))-2)) -> Muller | V11: =IF(S11=0,"",T11*F11) -> 21250 | W11: Aslam: pack 5'S
A12: 7 | B12: 99-98-9120020-22-000-000 | C12: TABLET-IVERMECTIN 6 MG | D12: IVERMITE TAB (ATCO) | E12: PACKET | F12: 30 | O12: 345.02 | P12: IVERMITE 6MG TAB | S12: =COUNT(G12,I12,K12,M12,O12,Q12) -> 1 | T12: =IF(S12=0,"",MIN(G12,I12,K12,M12,O12,Q12)) -> 345.02 | U12: =IF(S12=0,"No quote",LEFT(IF(AND(ISNUMBER(G12),G12=T12),"Ahsan, ","")&IF(AND(ISNUMBER(I12),I12=T12),"Aslam, ","")&IF(AND(ISNUMBER(K12),K12=T12),"Jamil, ","")&IF(AND(ISNUMBER(M12),M12=T12),"Muller, ","")&IF(AND(ISNUMBER(O12),O12=T12),"NMMC, ","")&IF(AND(ISNUMBER(Q12),Q12=T12),"Platinum, ",""),LEN(IF(AND(ISNUMBER(G12),G12=T12),"Ahsan, ","")&IF(AND(ISNUMBER(I12),I12=T12),"Aslam, ","")&IF(AND(ISNUMBER(K12),K12=T12),"Jamil, ","")&IF(AND(ISNUMBER(M12),M12=T12),"Muller, ","")&IF(AND(ISNUMBER(O12),O12=T12),"NMMC, ","")&IF(AND(ISNUMBER(Q12),Q12=T12),"Platinum, ",""))-2)) -> NMMC | V12: =IF(S12=0,"",T12*F12) -> 10350.6
A13: 8 | B13: 99-98-9120016-07-000-000 | C13: SYRUP-PARACETAMOL FORTE 120 ML | D13: CALPOL PLUS (GSK), NUBEROL-P FORTE (SEARLE), FEBROL-DS (BH),PANADOL FORTE (HALEON) | E13: EACH | F13: 100 | G13: 80.7 | H13: FEBROL-DS | I13: 115.38 | J13: Haleon | K13: 101.48 | L13: CALPOL 6 PLUS SYRUP | O13: 124.45 | P13: NUBEROL-P FORTE 120ML SYP | S13: =COUNT(G13,I13,K13,M13,O13,Q13) -> 4 | T13: =IF(S13=0,"",MIN(G13,I13,K13,M13,O13,Q13)) -> 80.7 | U13: =IF(S13=0,"No quote",LEFT(IF(AND(ISNUMBER(G13),G13=T13),"Ahsan, ","")&IF(AND(ISNUMBER(I13),I13=T13),"Aslam, ","")&IF(AND(ISNUMBER(K13),K13=T13),"Jamil, ","")&IF(AND(ISNUMBER(M13),M13=T13),"Muller, ","")&IF(AND(ISNUMBER(O13),O13=T13),"NMMC, ","")&IF(AND(ISNUMBER(Q13),Q13=T13),"Platinum, ",""),LEN(IF(AND(ISNUMBER(G13),G13=T13),"Ahsan, ","")&IF(AND(ISNUMBER(I13),I13=T13),"Aslam, ","")&IF(AND(ISNUMBER(K13),K13=T13),"Jamil, ","")&IF(AND(ISNUMBER(M13),M13=T13),"Muller, ","")&IF(AND(ISNUMBER(O13),O13=T13),"NMMC, ","")&IF(AND(ISNUMBER(Q13),Q13=T13),"Platinum, ",""))-2)) -> Ahsan | V13: =IF(S13=0,"",T13*F13) -> 8070
A14: 9 | B14: 99-98-9120023-56-000-000 | C14: OINTMENT-TRIAMCINOLONE 10 GM | D14: KENALOG (GSK), VALOLOG (VALOR) | E14: EACH | F14: 100 | S14: =COUNT(G14,I14,K14,M14,O14,Q14) -> 0 | T14: =IF(S14=0,"",MIN(G14,I14,K14,M14,O14,Q14)) | U14: =IF(S14=0,"No quote",LEFT(IF(AND(ISNUMBER(G14),G14=T14),"Ahsan, ","")&IF(AND(ISNUMBER(I14),I14=T14),"Aslam, ","")&IF(AND(ISNUMBER(K14),K14=T14),"Jamil, ","")&IF(AND(ISNUMBER(M14),M14=T14),"Muller, ","")&IF(AND(ISNUMBER(O14),O14=T14),"NMMC, ","")&IF(AND(ISNUMBER(Q14),Q14=T14),"Platinum, ",""),LEN(IF(AND(ISNUMBER(G14),G14=T14),"Ahsan, ","")&IF(AND(ISNUMBER(I14),I14=T14),"Aslam, ","")&IF(AND(ISNUMBER(K14),K14=T14),"Jamil, ","")&IF(AND(ISNUMBER(M14),M14=T14),"Muller, ","")&IF(AND(ISNUMBER(O14),O14=T14),"NMMC, ","")&IF(AND(ISNUMBER(Q14),Q14=T14),"Platinum, ",""))-2)) -> No quote | V14: =IF(S14=0,"",T14*F14)
A15: 10 | B15: 99-98-9120026-14-000-000 | C15: OINTMENT-FLUTICASONE PROPIONATE WITH MUPIROCIN | D15: CUTIVATE-M (GSK) | E15: EACH | F15: 100 | K15: 301.55 | L15: CUTIVATE OINT | S15: =COUNT(G15,I15,K15,M15,O15,Q15) -> 1 | T15: =IF(S15=0,"",MIN(G15,I15,K15,M15,O15,Q15)) -> 301.55 | U15: =IF(S15=0,"No quote",LEFT(IF(AND(ISNUMBER(G15),G15=T15),"Ahsan, ","")&IF(AND(ISNUMBER(I15),I15=T15),"Aslam, ","")&IF(AND(ISNUMBER(K15),K15=T15),"Jamil, ","")&IF(AND(ISNUMBER(M15),M15=T15),"Muller, ","")&IF(AND(ISNUMBER(O15),O15=T15),"NMMC, ","")&IF(AND(ISNUMBER(Q15),Q15=T15),"Platinum, ",""),LEN(IF(AND(ISNUMBER(G15),G15=T15),"Ahsan, ","")&IF(AND(ISNUMBER(I15),I15=T15),"Aslam, ","")&IF(AND(ISNUMBER(K15),K15=T15),"Jamil, ","")&IF(AND(ISNUMBER(M15),M15=T15),"Muller, ","")&IF(AND(ISNUMBER(O15),O15=T15),"NMMC, ","")&IF(AND(ISNUMBER(Q15),Q15=T15),"Platinum, ",""))-2)) -> Jamil | V15: =IF(S15=0,"",T15*F15) -> 30155
A16: 11 | B16: 99-98-9120013-99-000-000 | C16: INJECTION-PARACETAMOL 100 ML | D16: PROVAS (SAMI), NUBEROL P (SEARLE), OTSUMOL (OTSUKA) | E16: EACH | F16: 200 | G16: 195.5 | H16: PROVAS | I16: 212.5 | J16: Searle | O16: 135 | P16: NUBEROL P 100ML INJ | S16: =COUNT(G16,I16,K16,M16,O16,Q16) -> 3 | T16: =IF(S16=0,"",MIN(G16,I16,K16,M16,O16,Q16)) -> 135 | U16: =IF(S16=0,"No quote",LEFT(IF(AND(ISNUMBER(G16),G16=T16),"Ahsan, ","")&IF(AND(ISNUMBER(I16),I16=T16),"Aslam, ","")&IF(AND(ISNUMBER(K16),K16=T16),"Jamil, ","")&IF(AND(ISNUMBER(M16),M16=T16),"Muller, ","")&IF(AND(ISNUMBER(O16),O16=T16),"NMMC, ","")&IF(AND(ISNUMBER(Q16),Q16=T16),"Platinum, ",""),LEN(IF(AND(ISNUMBER(G16),G16=T16),"Ahsan, ","")&IF(AND(ISNUMBER(I16),I16=T16),"Aslam, ","")&IF(AND(ISNUMBER(K16),K16=T16),"Jamil, ","")&IF(AND(ISNUMBER(M16),M16=T16),"Muller, ","")&IF(AND(ISNUMBER(O16),O16=T16),"NMMC, ","")&IF(AND(ISNUMBER(Q16),Q16=T16),"Platinum, ",""))-2)) -> NMMC | V16: =IF(S16=0,"",T16*F16) -> 27000
A17: 12 | B17: 99-98-9120016-05-000-000 | C17: SYRUP-MULTIVITAMIN WITH CARNITINE & LYSINE 120 ML | D17: VI-DAYLIN L (ABBOTT), TRES ORIX Z (HIGHNOON), LYSOVIT (LCI),LEDERPLEX(LCI) | E17: EACH | F17: 200 | K17: 272 | L17: VIDAYLIN L SYP | O17: 279.898 | P17: TRES ORIX Z 120 ML SYRUP | S17: =COUNT(G17,I17,K17,M17,O17,Q17) -> 2 | T17: =IF(S17=0,"",MIN(G17,I17,K17,M17,O17,Q17)) -> 272 | U17: =IF(S17=0,"No quote",LEFT(IF(AND(ISNUMBER(G17),G17=T17),"Ahsan, ","")&IF(AND(ISNUMBER(I17),I17=T17),"Aslam, ","")&IF(AND(ISNUMBER(K17),K17=T17),"Jamil, ","")&IF(AND(ISNUMBER(M17),M17=T17),"Muller, ","")&IF(AND(ISNUMBER(O17),O17=T17),"NMMC, ","")&IF(AND(ISNUMBER(Q17),Q17=T17),"Platinum, ",""),LEN(IF(AND(ISNUMBER(G17),G17=T17),"Ahsan, ","")&IF(AND(ISNUMBER(I17),I17=T17),"Aslam, ","")&IF(AND(ISNUMBER(K17),K17=T17),"Jamil, ","")&IF(AND(ISNUMBER(M17),M17=T17),"Muller, ","")&IF(AND(ISNUMBER(O17),O17=T17),"NMMC, ","")&IF(AND(ISNUMBER(Q17),Q17=T17),"Platinum, ",""))-2)) -> Jamil | V17: =IF(S17=0,"",T17*F17) -> 54400
A18: 13 | B18: 99-98-9120024-26-000-000 | C18: DROP-NAPHAZOLINE (EYE) | D18: CURINE(SCHAZOO), EYCLEAR(REMINGTON), OPTILLERGE(VEGA), PREFRIN-A(BH) | E18: EACH | F18: 200 | I18: 175.95 | J18: Schazoo | S18: =COUNT(G18,I18,K18,M18,O18,Q18) -> 1 | T18: =IF(S18=0,"",MIN(G18,I18,K18,M18,O18,Q18)) -> 175.95 | U18: =IF(S18=0,"No quote",LEFT(IF(AND(ISNUMBER(G18),G18=T18),"Ahsan, ","")&IF(AND(ISNUMBER(I18),I18=T18),"Aslam, ","")&IF(AND(ISNUMBER(K18),K18=T18),"Jamil, ","")&IF(AND(ISNUMBER(M18),M18=T18),"Muller, ","")&IF(AND(ISNUMBER(O18),O18=T18),"NMMC, ","")&IF(AND(ISNUMBER(Q18),Q18=T18),"Platinum, ",""),LEN(IF(AND(ISNUMBER(G18),G18=T18),"Ahsan, ","")&IF(AND(ISNUMBER(I18),I18=T18),"Aslam, ","")&IF(AND(ISNUMBER(K18),K18=T18),"Jamil, ","")&IF(AND(ISNUMBER(M18),M18=T18),"Muller, ","")&IF(AND(ISNUMBER(O18),O18=T18),"NMMC, ","")&IF(AND(ISNUMBER(Q18),Q18=T18),"Platinum, ",""))-2)) -> Aslam | V18: =IF(S18=0,"",T18*F18) -> 35190
A19: 14 | B19: 99-98-9120020-11-000-000 | C19: TABLET-ERTUGLIFLOZINE WITH METFORMIN 2.5/500 MG | D19: ERTUCO-M (ATCO), ERTAFLOZ-MET (HIGHNOON), ERTAHIL-MET (HILTON) | E19: PACKET | F19: 50 | O19: 316.2 | P19: ERTUCO-M 2.5/500MG TAB | S19: =COUNT(G19,I19,K19,M19,O19,Q19) -> 1 | T19: =IF(S19=0,"",MIN(G19,I19,K19,M19,O19,Q19)) -> 316.2 | U19: =IF(S19=0,"No quote",LEFT(IF(AND(ISNUMBER(G19),G19=T19),"Ahsan, ","")&IF(AND(ISNUMBER(I19),I19=T19),"Aslam, ","")&IF(AND(ISNUMBER(K19),K19=T19),"Jamil, ","")&IF(AND(ISNUMBER(M19),M19=T19),"Muller, ","")&IF(AND(ISNUMBER(O19),O19=T19),"NMMC, ","")&IF(AND(ISNUMBER(Q19),Q19=T19),"Platinum, ",""),LEN(IF(AND(ISNUMBER(G19),G19=T19),"Ahsan, ","")&IF(AND(ISNUMBER(I19),I19=T19),"Aslam, ","")&IF(AND(ISNUMBER(K19),K19=T19),"Jamil, ","")&IF(AND(ISNUMBER(M19),M19=T19),"Muller, ","")&IF(AND(ISNUMBER(O19),O19=T19),"NMMC, ","")&IF(AND(ISNUMBER(Q19),Q19=T19),"Platinum, ",""))-2)) -> NMMC | V19: =IF(S19=0,"",T19*F19) -> 15810
A20: 15 | B20: 99-98-9120011-51-000-000 | C20: CAPSULE-CEFIXIME 400 MG | D20: FIXICEF (ATCO), CEFIGET (GETZ), FIXVAL (GSK), EFIX HIGHNOON), CARICEF (SAMI), CEFSPAN (BH) | E20: PACKET | F20: 300 | G20: 620.5 | H20: CEFSPAN | M20: 403.75 | N20: CINKLARE CAP (AGP) | O20: 355.536 | P20: EFIX 400MG CAPSULE | S20: =COUNT(G20,I20,K20,M20,O20,Q20) -> 3 | T20: =IF(S20=0,"",MIN(G20,I20,K20,M20,O20,Q20)) -> 355.536 | U20: =IF(S20=0,"No quote",LEFT(IF(AND(ISNUMBER(G20),G20=T20),"Ahsan, ","")&IF(AND(ISNUMBER(I20),I20=T20),"Aslam, ","")&IF(AND(ISNUMBER(K20),K20=T20),"Jamil, ","")&IF(AND(ISNUMBER(M20),M20=T20),"Muller, ","")&IF(AND(ISNUMBER(O20),O20=T20),"NMMC, ","")&IF(AND(ISNUMBER(Q20),Q20=T20),"Platinum, ",""),LEN(IF(AND(ISNUMBER(G20),G20=T20),"Ahsan, ","")&IF(AND(ISNUMBER(I20),I20=T20),"Aslam, ","")&IF(AND(ISNUMBER(K20),K20=T20),"Jamil, ","")&IF(AND(ISNUMBER(M20),M20=T20),"Muller, ","")&IF(AND(ISNUMBER(O20),O20=T20),"NMMC, ","")&IF(AND(ISNUMBER(Q20),Q20=T20),"Platinum, ",""))-2)) -> NMMC | V20: =IF(S20=0,"",T20*F20) -> 106660.8
A21: 16 | B21: 99-98-9120016-01-000-000 | C21: SYRUP-CEFIXIME 200 MG 30ML | D21: FIXICEF DS (ATCO), CEFIGET DS (GETZ), EFIX DS (HIGHNOON), CARICEF-DS (SAMI), CEFIM-DS (HILTON), CEFSPAN-DS (BH) | E21: EACH | F21: 1000 | G21: 425.85 | H21: CEFSPAN-DS | M21: 306 | N21: CINKLARE CAP (AGP) | O21: 287.81 | P21: FIXICEF DS 200 MG 30ML SYRUP | S21: =COUNT(G21,I21,K21,M21,O21,Q21) -> 3 | T21: =IF(S21=0,"",MIN(G21,I21,K21,M21,O21,Q21)) -> 287.81 | U21: =IF(S21=0,"No quote",LEFT(IF(AND(ISNUMBER(G21),G21=T21),"Ahsan, ","")&IF(AND(ISNUMBER(I21),I21=T21),"Aslam, ","")&IF(AND(ISNUMBER(K21),K21=T21),"Jamil, ","")&IF(AND(ISNUMBER(M21),M21=T21),"Muller, ","")&IF(AND(ISNUMBER(O21),O21=T21),"NMMC, ","")&IF(AND(ISNUMBER(Q21),Q21=T21),"Platinum, ",""),LEN(IF(AND(ISNUMBER(G21),G21=T21),"Ahsan, ","")&IF(AND(ISNUMBER(I21),I21=T21),"Aslam, ","")&IF(AND(ISNUMBER(K21),K21=T21),"Jamil, ","")&IF(AND(ISNUMBER(M21),M21=T21),"Muller, ","")&IF(AND(ISNUMBER(O21),O21=T21),"NMMC, ","")&IF(AND(ISNUMBER(Q21),Q21=T21),"Platinum, ",""))-2)) -> NMMC | V21: =IF(S21=0,"",T21*F21) -> 287810
A22: 17 | B22: 99-98-9120015-99-000-000 | C22: SYRUP - ONDANSETRON 50 ML | D22: UBKINO (ATCO), EMESSON (HIGHNOON), ONDASET (OBS/AGP), ONTIV (SAMI), XORTRON (MCOLSON) | E22: EACH | F22: 100 | G22: 127.5 | H22: ONTIV | M22: 212.5 | N22: ONDASET (OBS/AGP) | O22: 115.6 | P22: UBKINO 50ML SYRUP | S22: =COUNT(G22,I22,K22,M22,O22,Q22) -> 3 | T22: =IF(S22=0,"",MIN(G22,I22,K22,M22,O22,Q22)) -> 115.6 | U22: =IF(S22=0,"No quote",LEFT(IF(AND(ISNUMBER(G22),G22=T22),"Ahsan, ","")&IF(AND(ISNUMBER(I22),I22=T22),"Aslam, ","")&IF(AND(ISNUMBER(K22),K22=T22),"Jamil, ","")&IF(AND(ISNUMBER(M22),M22=T22),"Muller, ","")&IF(AND(ISNUMBER(O22),O22=T22),"NMMC, ","")&IF(AND(ISNUMBER(Q22),Q22=T22),"Platinum, ",""),LEN(IF(AND(ISNUMBER(G22),G22=T22),"Ahsan, ","")&IF(AND(ISNUMBER(I22),I22=T22),"Aslam, ","")&IF(AND(ISNUMBER(K22),K22=T22),"Jamil, ","")&IF(AND(ISNUMBER(M22),M22=T22),"Muller, ","")&IF(AND(ISNUMBER(O22),O22=T22),"NMMC, ","")&IF(AND(ISNUMBER(Q22),Q22=T22),"Platinum, ",""))-2)) -> NMMC | V22: =IF(S22=0,"",T22*F22) -> 11560
A23: 18 | B23: 99-98-9120015-97-000-000 | C23: SYRUP-AZITHROMYCIN 200 MG 15 ML | D23: AZATCO (ATCO), ZETRO (GETZ), AZIPOS (HIGHNOON), AZOMAX (OBS/AGP), AZITMA (SAMI) | E23: EACH | F23: 500 | G23: 255 | M23: 348.5 | N23: AZOMAX (OBS/AGP) | O23: 164.543 | P23: AZIPOS 200MG 15ML SYRUP | S23: =COUNT(G23,I23,K23,M23,O23,Q23) -> 3 | T23: =IF(S23=0,"",MIN(G23,I23,K23,M23,O23,Q23)) -> 164.543 | U23: =IF(S23=0,"No quote",LEFT(IF(AND(ISNUMBER(G23),G23=T23),"Ahsan, ","")&IF(AND(ISNUMBER(I23),I23=T23),"Aslam, ","")&IF(AND(ISNUMBER(K23),K23=T23),"Jamil, ","")&IF(AND(ISNUMBER(M23),M23=T23),"Muller, ","")&IF(AND(ISNUMBER(O23),O23=T23),"NMMC, ","")&IF(AND(ISNUMBER(Q23),Q23=T23),"Platinum, ",""),LEN(IF(AND(ISNUMBER(G23),G23=T23),"Ahsan, ","")&IF(AND(ISNUMBER(I23),I23=T23),"Aslam, ","")&IF(AND(ISNUMBER(K23),K23=T23),"Jamil, ","")&IF(AND(ISNUMBER(M23),M23=T23),"Muller, ","")&IF(AND(ISNUMBER(O23),O23=T23),"NMMC, ","")&IF(AND(ISNUMBER(Q23),Q23=T23),"Platinum, ",""))-2)) -> NMMC | V23: =IF(S23=0,"",T23*F23) -> 82271.5
A24: 19 | B24: 99-98-9120020-06-000-000 | C24: TABLET-DAPAGLIPFOZIN 10 MG | D24: ATCODAP (ATCO), DAPLYZA (GETZ), DAPLOZ (HIGHNOON), DAPA (HILTON), FORZIGA (MCOLSON) | E24: PACKET | F24: 100 | G24: 1015.75 | H24: DAPA | O24: 294.53 | P24: ATCODAP 10MG TABLET | S24: =COUNT(G24,I24,K24,M24,O24,Q24) -> 2 | T24: =IF(S24=0,"",MIN(G24,I24,K24,M24,O24,Q24)) -> 294.53 | U24: =IF(S24=0,"No quote",LEFT(IF(AND(ISNUMBER(G24),G24=T24),"Ahsan, ","")&IF(AND(ISNUMBER(I24),I24=T24),"Aslam, ","")&IF(AND(ISNUMBER(K24),K24=T24),"Jamil, ","")&IF(AND(ISNUMBER(M24),M24=T24),"Muller, ","")&IF(AND(ISNUMBER(O24),O24=T24),"NMMC, ","")&IF(AND(ISNUMBER(Q24),Q24=T24),"Platinum, ",""),LEN(IF(AND(ISNUMBER(G24),G24=T24),"Ahsan, ","")&IF(AND(ISNUMBER(I24),I24=T24),"Aslam, ","")&IF(AND(ISNUMBER(K24),K24=T24),"Jamil, ","")&IF(AND(ISNUMBER(M24),M24=T24),"Muller, ","")&IF(AND(ISNUMBER(O24),O24=T24),"NMMC, ","")&IF(AND(ISNUMBER(Q24),Q24=T24),"Platinum, ",""))-2)) -> NMMC | V24: =IF(S24=0,"",T24*F24) -> 29453
A25: 20 | B25: 99-98-9120020-04-000-000 | C25: TABLET-MECOBALAMIN 500 MCG | D25: NERVON (GETZ), MOBLO (HIGHNOON), MECOVATE (OBS/AGP), MABIL (SAMI), SEREBAL (SEARLE), METHYCOBAL (HILTON), NEUROMET (MARTIN DOW) | E25: PACKET | F25: 300 | G25: 348.5 | H25: MABIL | M25: 291.04 | N25: MECOVATE (OBS/AGP) | O25: 152.405 | P25: MOBLO 500MCG TABLET | S25: =COUNT(G25,I25,K25,M25,O25,Q25) -> 3 | T25: =IF(S25=0,"",MIN(G25,I25,K25,M25,O25,Q25)) -> 152.405 | U25: =IF(S25=0,"No quote",LEFT(IF(AND(ISNUMBER(G25),G25=T25),"Ahsan, ","")&IF(AND(ISNUMBER(I25),I25=T25),"Aslam, ","")&IF(AND(ISNUMBER(K25),K25=T25),"Jamil, ","")&IF(AND(ISNUMBER(M25),M25=T25),"Muller, ","")&IF(AND(ISNUMBER(O25),O25=T25),"NMMC, ","")&IF(AND(ISNUMBER(Q25),Q25=T25),"Platinum, ",""),LEN(IF(AND(ISNUMBER(G25),G25=T25),"Ahsan, ","")&IF(AND(ISNUMBER(I25),I25=T25),"Aslam, ","")&IF(AND(ISNUMBER(K25),K25=T25),"Jamil, ","")&IF(AND(ISNUMBER(M25),M25=T25),"Muller, ","")&IF(AND(ISNUMBER(O25),O25=T25),"NMMC, ","")&IF(AND(ISNUMBER(Q25),Q25=T25),"Platinum, ",""))-2)) -> NMMC | V25: =IF(S25=0,"",T25*F25) -> 45721.5
A26: 21 | B26: 99-98-9120020-03-000-000 | C26: TABLET-AMLODIPINE WITH VALSARTAN 10/160 MG | D26: DIO PLUS (ATCO), COVAM (GETZ), BIFORGE / (HIGHNOON),EXFORGE (OBS/AGP), NORVASC V (OBS/AGP) | E26: PACKET | F26: 35 | I26: 578 | J26: Horizon | M26: 509.32 | N26: NORVASC V (OBS/AGP) | O26: 387.6 | P26: BIFORGE 10/160MG TABLET | S26: =COUNT(G26,I26,K26,M26,O26,Q26) -> 3 | T26: =IF(S26=0,"",MIN(G26,I26,K26,M26,O26,Q26)) -> 387.6 | U26: =IF(S26=0,"No quote",LEFT(IF(AND(ISNUMBER(G26),G26=T26),"Ahsan, ","")&IF(AND(ISNUMBER(I26),I26=T26),"Aslam, ","")&IF(AND(ISNUMBER(K26),K26=T26),"Jamil, ","")&IF(AND(ISNUMBER(M26),M26=T26),"Muller, ","")&IF(AND(ISNUMBER(O26),O26=T26),"NMMC, ","")&IF(AND(ISNUMBER(Q26),Q26=T26),"Platinum, ",""),LEN(IF(AND(ISNUMBER(G26),G26=T26),"Ahsan, ","")&IF(AND(ISNUMBER(I26),I26=T26),"Aslam, ","")&IF(AND(ISNUMBER(K26),K26=T26),"Jamil, ","")&IF(AND(ISNUMBER(M26),M26=T26),"Muller, ","")&IF(AND(ISNUMBER(O26),O26=T26),"NMMC, ","")&IF(AND(ISNUMBER(Q26),Q26=T26),"Platinum, ",""))-2)) -> NMMC | V26: =IF(S26=0,"",T26*F26) -> 13566
A27: 22 | B27: 99-98-9120019-98-000-000 | C27: TABLET-FEBUXOSTAT 40 MG | D27: URIGUARD (ATCO), ZURIG (GETZ), HILORIC (HIGHNOON), FEBUXIN (OBS/AGP), URIGO (SAMI) | E27: PACKET | F27: 50 | G27: 403.75 | H27: URIGO | M27: 516.757 | N27: FEBSTAT 40MG (PHARMATEC) | O27: 267.75 | P27: HILORIC 40MG TABLET | S27: =COUNT(G27,I27,K27,M27,O27,Q27) -> 3 | T27: =IF(S27=0,"",MIN(G27,I27,K27,M27,O27,Q27)) -> 267.75 | U27: =IF(S27=0,"No quote",LEFT(IF(AND(ISNUMBER(G27),G27=T27),"Ahsan, ","")&IF(AND(ISNUMBER(I27),I27=T27),"Aslam, ","")&IF(AND(ISNUMBER(K27),K27=T27),"Jamil, ","")&IF(AND(ISNUMBER(M27),M27=T27),"Muller, ","")&IF(AND(ISNUMBER(O27),O27=T27),"NMMC, ","")&IF(AND(ISNUMBER(Q27),Q27=T27),"Platinum, ",""),LEN(IF(AND(ISNUMBER(G27),G27=T27),"Ahsan, ","")&IF(AND(ISNUMBER(I27),I27=T27),"Aslam, ","")&IF(AND(ISNUMBER(K27),K27=T27),"Jamil, ","")&IF(AND(ISNUMBER(M27),M27=T27),"Muller, ","")&IF(AND(ISNUMBER(O27),O27=T27),"NMMC, ","")&IF(AND(ISNUMBER(Q27),Q27=T27),"Platinum, ",""))-2)) -> NMMC | V27: =IF(S27=0,"",T27*F27) -> 13387.5
A28: 23 | B28: 99-98-9120019-92-000-000 | C28: TABLET-MONTELUKAST 10 MG | D28: FLOAID (ABBOTT), SOLO (ATCO), MONTIGET (GETZ), MONTIT TAB (HIGHNOON), LUCAST (OBS/AGP),MYTEKA (HILTON), AEROKAST (BH) | E28: PACKET | F28: 1000 | G28: 408 | H28: AEROKAST | I28: 425 | J28: Bosch | K28: 333.2 | L28: FLOAID 10MG TAB | M28: 357 | N28: LUCAST (OBS/AGP) | O28: 306 | P28: SOLO 10MG TABLET | S28: =COUNT(G28,I28,K28,M28,O28,Q28) -> 5 | T28: =IF(S28=0,"",MIN(G28,I28,K28,M28,O28,Q28)) -> 306 | U28: =IF(S28=0,"No quote",LEFT(IF(AND(ISNUMBER(G28),G28=T28),"Ahsan, ","")&IF(AND(ISNUMBER(I28),I28=T28),"Aslam, ","")&IF(AND(ISNUMBER(K28),K28=T28),"Jamil, ","")&IF(AND(ISNUMBER(M28),M28=T28),"Muller, ","")&IF(AND(ISNUMBER(O28),O28=T28),"NMMC, ","")&IF(AND(ISNUMBER(Q28),Q28=T28),"Platinum, ",""),LEN(IF(AND(ISNUMBER(G28),G28=T28),"Ahsan, ","")&IF(AND(ISNUMBER(I28),I28=T28),"Aslam, ","")&IF(AND(ISNUMBER(K28),K28=T28),"Jamil, ","")&IF(AND(ISNUMBER(M28),M28=T28),"Muller, ","")&IF(AND(ISNUMBER(O28),O28=T28),"NMMC, ","")&IF(AND(ISNUMBER(Q28),Q28=T28),"Platinum, ",""))-2)) -> NMMC | V28: =IF(S28=0,"",T28*F28) -> 306000 | W28: Aslam: pack 14's
A29: 24 | B29: 99-98-9120026-13-000-000 | C29: OINTMENT- NEOMYCIN WITH POLYMYXIN-B | D29: BACITRACIN & LIGNOCAINE 18 GM, HEALIT (ATCO), XYLOAID (BH), MYCITRACIN PLUS (LCI), POLYFAX PLUS (GSK) | E29: EACH | F29: 300 | K29: 245.48 | L29: POLYFAX PLUS | M29: 261.8 | N29: MYCITRACIN PLUS (LCI) | O29: 111.69 | P29: HEALIT 18GM OINTMENT | S29: =COUNT(G29,I29,K29,M29,O29,Q29) -> 3 | T29: =IF(S29=0,"",MIN(G29,I29,K29,M29,O29,Q29)) -> 111.69 | U29: =IF(S29=0,"No quote",LEFT(IF(AND(ISNUMBER(G29),G29=T29),"Ahsan, ","")&IF(AND(ISNUMBER(I29),I29=T29),"Aslam, ","")&IF(AND(ISNUMBER(K29),K29=T29),"Jamil, ","")&IF(AND(ISNUMBER(M29),M29=T29),"Muller, ","")&IF(AND(ISNUMBER(O29),O29=T29),"NMMC, ","")&IF(AND(ISNUMBER(Q29),Q29=T29),"Platinum, ",""),LEN(IF(AND(ISNUMBER(G29),G29=T29),"Ahsan, ","")&IF(AND(ISNUMBER(I29),I29=T29),"Aslam, ","")&IF(AND(ISNUMBER(K29),K29=T29),"Jamil, ","")&IF(AND(ISNUMBER(M29),M29=T29),"Muller, ","")&IF(AND(ISNUMBER(O29),O29=T29),"NMMC, ","")&IF(AND(ISNUMBER(Q29),Q29=T29),"Platinum, ",""))-2)) -> NMMC | V29: =IF(S29=0,"",T29*F29) -> 33507
A30: 25 | B30: 99-98-9120019-77-000-000 | C30: TABLET-MULTIVITAMIN TEEN FORMULA | D30: VI-DAYLIN- T (ABBOTT), SURBEX T (ABBOTT), KIDS ONE DAILY (ROUTE 2 HEALTH) | E30: PACKET | F30: 100 | K30: 267.75 | L30: SURBEX T TAB | S30: =COUNT(G30,I30,K30,M30,O30,Q30) -> 1 | T30: =IF(S30=0,"",MIN(G30,I30,K30,M30,O30,Q30)) -> 267.75 | U30: =IF(S30=0,"No quote",LEFT(IF(AND(ISNUMBER(G30),G30=T30),"Ahsan, ","")&IF(AND(ISNUMBER(I30),I30=T30),"Aslam, ","")&IF(AND(ISNUMBER(K30),K30=T30),"Jamil, ","")&IF(AND(ISNUMBER(M30),M30=T30),"Muller, ","")&IF(AND(ISNUMBER(O30),O30=T30),"NMMC, ","")&IF(AND(ISNUMBER(Q30),Q30=T30),"Platinum, ",""),LEN(IF(AND(ISNUMBER(G30),G30=T30),"Ahsan, ","")&IF(AND(ISNUMBER(I30),I30=T30),"Aslam, ","")&IF(AND(ISNUMBER(K30),K30=T30),"Jamil, ","")&IF(AND(ISNUMBER(M30),M30=T30),"Muller, ","")&IF(AND(ISNUMBER(O30),O30=T30),"NMMC, ","")&IF(AND(ISNUMBER(Q30),Q30=T30),"Platinum, ",""))-2)) -> Jamil | V30: =IF(S30=0,"",T30*F30) -> 26775
A31: 26 | B31: 99-98-9120015-92-000-000 | C31: SYRUP-SODIUM ACID CITRATE 150 ML | D31: CITRALKA (LCI), ALKACIT (FEROZSONS) | E31: EACH | F31: 100 | O31: 147.9 | P31: CITRALKA 150ML SYRUP | S31: =COUNT(G31,I31,K31,M31,O31,Q31) -> 1 | T31: =IF(S31=0,"",MIN(G31,I31,K31,M31,O31,Q31)) -> 147.9 | U31: =IF(S31=0,"No quote",LEFT(IF(AND(ISNUMBER(G31),G31=T31),"Ahsan, ","")&IF(AND(ISNUMBER(I31),I31=T31),"Aslam, ","")&IF(AND(ISNUMBER(K31),K31=T31),"Jamil, ","")&IF(AND(ISNUMBER(M31),M31=T31),"Muller, ","")&IF(AND(ISNUMBER(O31),O31=T31),"NMMC, ","")&IF(AND(ISNUMBER(Q31),Q31=T31),"Platinum, ",""),LEN(IF(AND(ISNUMBER(G31),G31=T31),"Ahsan, ","")&IF(AND(ISNUMBER(I31),I31=T31),"Aslam, ","")&IF(AND(ISNUMBER(K31),K31=T31),"Jamil, ","")&IF(AND(ISNUMBER(M31),M31=T31),"Muller, ","")&IF(AND(ISNUMBER(O31),O31=T31),"NMMC, ","")&IF(AND(ISNUMBER(Q31),Q31=T31),"Platinum, ",""))-2)) -> NMMC | V31: =IF(S31=0,"",T31*F31) -> 14790
A32: 27 | B32: 99-98-9120023-53-000-000 | C32: GEL-METRONIDAZOLE 1% WITH CHLORHEXIDINE GLUCONATE 0.25% | D32: REVOMAT PLUS GEL(KAIZEN) | E32: EACH | F32: 100 | Q32: 343.19 | R32: Revomet Plus Gel | S32: =COUNT(G32,I32,K32,M32,O32,Q32) -> 1 | T32: =IF(S32=0,"",MIN(G32,I32,K32,M32,O32,Q32)) -> 343.19 | U32: =IF(S32=0,"No quote",LEFT(IF(AND(ISNUMBER(G32),G32=T32),"Ahsan, ","")&IF(AND(ISNUMBER(I32),I32=T32),"Aslam, ","")&IF(AND(ISNUMBER(K32),K32=T32),"Jamil, ","")&IF(AND(ISNUMBER(M32),M32=T32),"Muller, ","")&IF(AND(ISNUMBER(O32),O32=T32),"NMMC, ","")&IF(AND(ISNUMBER(Q32),Q32=T32),"Platinum, ",""),LEN(IF(AND(ISNUMBER(G32),G32=T32),"Ahsan, ","")&IF(AND(ISNUMBER(I32),I32=T32),"Aslam, ","")&IF(AND(ISNUMBER(K32),K32=T32),"Jamil, ","")&IF(AND(ISNUMBER(M32),M32=T32),"Muller, ","")&IF(AND(ISNUMBER(O32),O32=T32),"NMMC, ","")&IF(AND(ISNUMBER(Q32),Q32=T32),"Platinum, ",""))-2)) -> Platinum | V32: =IF(S32=0,"",T32*F32) -> 34319
A33: 28 | B33: 99-98-9120027-27-000-000 | C33: POWDER-ORS SACHET | D33: OSMOLAR (ATCO), PEDITRAL (ORS), HILYTE-R (HILTON), OEM (INDUS) | E33: PACKET | F33: 2500 | M33: 743.4 | N33: ORTIE SACHET PACK OF 25S (OTSUKA) | O33: 329.73 | P33: OSMOLAR POWDER-ORS SACHET | S33: =COUNT(G33,I33,K33,M33,O33,Q33) -> 2 | T33: =IF(S33=0,"",MIN(G33,I33,K33,M33,O33,Q33)) -> 329.73 | U33: =IF(S33=0,"No quote",LEFT(IF(AND(ISNUMBER(G33),G33=T33),"Ahsan, ","")&IF(AND(ISNUMBER(I33),I33=T33),"Aslam, ","")&IF(AND(ISNUMBER(K33),K33=T33),"Jamil, ","")&IF(AND(ISNUMBER(M33),M33=T33),"Muller, ","")&IF(AND(ISNUMBER(O33),O33=T33),"NMMC, ","")&IF(AND(ISNUMBER(Q33),Q33=T33),"Platinum, ",""),LEN(IF(AND(ISNUMBER(G33),G33=T33),"Ahsan, ","")&IF(AND(ISNUMBER(I33),I33=T33),"Aslam, ","")&IF(AND(ISNUMBER(K33),K33=T33),"Jamil, ","")&IF(AND(ISNUMBER(M33),M33=T33),"Muller, ","")&IF(AND(ISNUMBER(O33),O33=T33),"NMMC, ","")&IF(AND(ISNUMBER(Q33),Q33=T33),"Platinum, ",""))-2)) -> NMMC | V33: =IF(S33=0,"",T33*F33) -> 824325
A34: 29 | B34: 99-98-9120026-03-000-000 | C34: OINTMENT-BETAMETHASONE VALERATE WITH NEOMYCIN 20 GM | D34: BETADERM-N (ATCO), BETNOVATE N (GSK) | E34: EACH | F34: 50 | K34: 153.53 | L34: BETNOVATE N OINT | O34: 102 | P34: BETADERM-N 20GM OINTMENT | S34: =COUNT(G34,I34,K34,M34,O34,Q34) -> 2 | T34: =IF(S34=0,"",MIN(G34,I34,K34,M34,O34,Q34)) -> 102 | U34: =IF(S34=0,"No quote",LEFT(IF(AND(ISNUMBER(G34),G34=T34),"Ahsan, ","")&IF(AND(ISNUMBER(I34),I34=T34),"Aslam, ","")&IF(AND(ISNUMBER(K34),K34=T34),"Jamil, ","")&IF(AND(ISNUMBER(M34),M34=T34),"Muller, ","")&IF(AND(ISNUMBER(O34),O34=T34),"NMMC, ","")&IF(AND(ISNUMBER(Q34),Q34=T34),"Platinum, ",""),LEN(IF(AND(ISNUMBER(G34),G34=T34),"Ahsan, ","")&IF(AND(ISNUMBER(I34),I34=T34),"Aslam, ","")&IF(AND(ISNUMBER(K34),K34=T34),"Jamil, ","")&IF(AND(ISNUMBER(M34),M34=T34),"Muller, ","")&IF(AND(ISNUMBER(O34),O34=T34),"NMMC, ","")&IF(AND(ISNUMBER(Q34),Q34=T34),"Platinum, ",""))-2)) -> NMMC | V34: =IF(S34=0,"",T34*F34) -> 5100
A35: 30 | B35: 99-98-9120023-15-000-000 | C35: CREAM-HYDROCORTISONE WITH CLOTRIMAZOLE 20G | D35: CUREZOLE (ATCO), HYDROZOLE (HALEON), AQUAZOLE (MARTIN DOW) | E35: EACH | F35: 200 | I35: 254.27 | J35: Haleon | K35: 254.29 | L35: HYDROZOLE CREAM | M35: 165.82 | N35: CANESTEN CLOTRIMAZOLE 20GM (BAYER)) | O35: 153.43 | P35: CUREZOLE 20G CREAM | S35: =COUNT(G35,I35,K35,M35,O35,Q35) -> 4 | T35: =IF(S35=0,"",MIN(G35,I35,K35,M35,O35,Q35)) -> 153.43 | U35: =IF(S35=0,"No quote",LEFT(IF(AND(ISNUMBER(G35),G35=T35),"Ahsan, ","")&IF(AND(ISNUMBER(I35),I35=T35),"Aslam, ","")&IF(AND(ISNUMBER(K35),K35=T35),"Jamil, ","")&IF(AND(ISNUMBER(M35),M35=T35),"Muller, ","")&IF(AND(ISNUMBER(O35),O35=T35),"NMMC, ","")&IF(AND(ISNUMBER(Q35),Q35=T35),"Platinum, ",""),LEN(IF(AND(ISNUMBER(G35),G35=T35),"Ahsan, ","")&IF(AND(ISNUMBER(I35),I35=T35),"Aslam, ","")&IF(AND(ISNUMBER(K35),K35=T35),"Jamil, ","")&IF(AND(ISNUMBER(M35),M35=T35),"Muller, ","")&IF(AND(ISNUMBER(O35),O35=T35),"NMMC, ","")&IF(AND(ISNUMBER(Q35),Q35=T35),"Platinum, ",""))-2)) -> NMMC | V35: =IF(S35=0,"",T35*F35) -> 30686
A36: 31 | B36: 99-98-9120026-08-000-000 | C36: OINTMENT-POLYMYXIN-B WITH ZINC BACITRACIN 6G(EYE) | D36: POLYFAX EYE (GSK) | E36: EACH | F36: 200 | K36: 109.96 | L36: POLYFAX EYE OINT | S36: =COUNT(G36,I36,K36,M36,O36,Q36) -> 1 | T36: =IF(S36=0,"",MIN(G36,I36,K36,M36,O36,Q36)) -> 109.96 | U36: =IF(S36=0,"No quote",LEFT(IF(AND(ISNUMBER(G36),G36=T36),"Ahsan, ","")&IF(AND(ISNUMBER(I36),I36=T36),"Aslam, ","")&IF(AND(ISNUMBER(K36),K36=T36),"Jamil, ","")&IF(AND(ISNUMBER(M36),M36=T36),"Muller, ","")&IF(AND(ISNUMBER(O36),O36=T36),"NMMC, ","")&IF(AND(ISNUMBER(Q36),Q36=T36),"Platinum, ",""),LEN(IF(AND(ISNUMBER(G36),G36=T36),"Ahsan, ","")&IF(AND(ISNUMBER(I36),I36=T36),"Aslam, ","")&IF(AND(ISNUMBER(K36),K36=T36),"Jamil, ","")&IF(AND(ISNUMBER(M36),M36=T36),"Muller, ","")&IF(AND(ISNUMBER(O36),O36=T36),"NMMC, ","")&IF(AND(ISNUMBER(Q36),Q36=T36),"Platinum, ",""))-2)) -> Jamil | V36: =IF(S36=0,"",T36*F36) -> 21992
A37: 32 | B37: 99-98-9120019-32-000-000 | C37: TABLET-ALUMINIUM HYDROXIDE COMBINED | D37: WITH MAGNESIUM TRISILICATE, TRISIL(EFROZE), GELUSIL (LCI) | E37: PACKET | F37: 50 | S37: =COUNT(G37,I37,K37,M37,O37,Q37) -> 0 | T37: =IF(S37=0,"",MIN(G37,I37,K37,M37,O37,Q37)) | U37: =IF(S37=0,"No quote",LEFT(IF(AND(ISNUMBER(G37),G37=T37),"Ahsan, ","")&IF(AND(ISNUMBER(I37),I37=T37),"Aslam, ","")&IF(AND(ISNUMBER(K37),K37=T37),"Jamil, ","")&IF(AND(ISNUMBER(M37),M37=T37),"Muller, ","")&IF(AND(ISNUMBER(O37),O37=T37),"NMMC, ","")&IF(AND(ISNUMBER(Q37),Q37=T37),"Platinum, ",""),LEN(IF(AND(ISNUMBER(G37),G37=T37),"Ahsan, ","")&IF(AND(ISNUMBER(I37),I37=T37),"Aslam, ","")&IF(AND(ISNUMBER(K37),K37=T37),"Jamil, ","")&IF(AND(ISNUMBER(M37),M37=T37),"Muller, ","")&IF(AND(ISNUMBER(O37),O37=T37),"NMMC, ","")&IF(AND(ISNUMBER(Q37),Q37=T37),"Platinum, ",""))-2)) -> No quote | V37: =IF(S37=0,"",T37*F37)
A38: 33 | B38: 99-98-9120018-77-000-000 | C38: TABLET-ONDANSETRON 8 MG | D38: UBKINO (ATCO), ONSEGET (GETZ), EMESSON (HIGHNOON), ONDASET (ASPIN), ZOFRAN-AGP (OBS/AGP), ONTIV (SAMI), ADOSETRON (SEARLE), ENDTRON (HORIZON), SEROBLOCK (MARTIN DOW),ONSET (PHARMEDIC) | E38: PACKET | F38: 50 | G38: 335.75 | H38: ONTIV | I38: 382.5 | J38: Horizon | M38: 552.5 | N38: ZOFRAN-AGP (OBS/AGP) | O38: 251.6 | P38: UBKINO 8MG TABLET | S38: =COUNT(G38,I38,K38,M38,O38,Q38) -> 4 | T38: =IF(S38=0,"",MIN(G38,I38,K38,M38,O38,Q38)) -> 251.6 | U38: =IF(S38=0,"No quote",LEFT(IF(AND(ISNUMBER(G38),G38=T38),"Ahsan, ","")&IF(AND(ISNUMBER(I38),I38=T38),"Aslam, ","")&IF(AND(ISNUMBER(K38),K38=T38),"Jamil, ","")&IF(AND(ISNUMBER(M38),M38=T38),"Muller, ","")&IF(AND(ISNUMBER(O38),O38=T38),"NMMC, ","")&IF(AND(ISNUMBER(Q38),Q38=T38),"Platinum, ",""),LEN(IF(AND(ISNUMBER(G38),G38=T38),"Ahsan, ","")&IF(AND(ISNUMBER(I38),I38=T38),"Aslam, ","")&IF(AND(ISNUMBER(K38),K38=T38),"Jamil, ","")&IF(AND(ISNUMBER(M38),M38=T38),"Muller, ","")&IF(AND(ISNUMBER(O38),O38=T38),"NMMC, ","")&IF(AND(ISNUMBER(Q38),Q38=T38),"Platinum, ",""))-2)) -> NMMC | V38: =IF(S38=0,"",T38*F38) -> 12580
A39: 34 | B39: 99-98-9120018-75-000-000 | C39: TABLET-PARACETAMOL WITH ORPHENADRINE | D39: SINAXAMOLEXTRA (OBS/AGP), PROVAS N FORTE (SAMI), NUBEROL FORTE (SEARLE) | E39: PACKET | F39: 500 | G39: 187 | H39: PROVAS N FORTE | I39: 170 | J39: Searle | M39: 262.65 | N39: SINAXAMOLEXTRA (OBS/AGP) | O39: 144.5 | P39: NUBEROL FORTE TABLET | S39: =COUNT(G39,I39,K39,M39,O39,Q39) -> 4 | T39: =IF(S39=0,"",MIN(G39,I39,K39,M39,O39,Q39)) -> 144.5 | U39: =IF(S39=0,"No quote",LEFT(IF(AND(ISNUMBER(G39),G39=T39),"Ahsan, ","")&IF(AND(ISNUMBER(I39),I39=T39),"Aslam, ","")&IF(AND(ISNUMBER(K39),K39=T39),"Jamil, ","")&IF(AND(ISNUMBER(M39),M39=T39),"Muller, ","")&IF(AND(ISNUMBER(O39),O39=T39),"NMMC, ","")&IF(AND(ISNUMBER(Q39),Q39=T39),"Platinum, ",""),LEN(IF(AND(ISNUMBER(G39),G39=T39),"Ahsan, ","")&IF(AND(ISNUMBER(I39),I39=T39),"Aslam, ","")&IF(AND(ISNUMBER(K39),K39=T39),"Jamil, ","")&IF(AND(ISNUMBER(M39),M39=T39),"Muller, ","")&IF(AND(ISNUMBER(O39),O39=T39),"NMMC, ","")&IF(AND(ISNUMBER(Q39),Q39=T39),"Platinum, ",""))-2)) -> NMMC | V39: =IF(S39=0,"",T39*F39) -> 72250
A40: 35 | B40: 99-98-9120018-32-000-000 | C40: TABLET-DIMEMORFAN PHOSPHATE 10 MG | D40: INVENTIVE (AMSON) | E40: PACKET | F40: 50 | S40: =COUNT(G40,I40,K40,M40,O40,Q40) -> 0 | T40: =IF(S40=0,"",MIN(G40,I40,K40,M40,O40,Q40)) | U40: =IF(S40=0,"No quote",LEFT(IF(AND(ISNUMBER(G40),G40=T40),"Ahsan, ","")&IF(AND(ISNUMBER(I40),I40=T40),"Aslam, ","")&IF(AND(ISNUMBER(K40),K40=T40),"Jamil, ","")&IF(AND(ISNUMBER(M40),M40=T40),"Muller, ","")&IF(AND(ISNUMBER(O40),O40=T40),"NMMC, ","")&IF(AND(ISNUMBER(Q40),Q40=T40),"Platinum, ",""),LEN(IF(AND(ISNUMBER(G40),G40=T40),"Ahsan, ","")&IF(AND(ISNUMBER(I40),I40=T40),"Aslam, ","")&IF(AND(ISNUMBER(K40),K40=T40),"Jamil, ","")&IF(AND(ISNUMBER(M40),M40=T40),"Muller, ","")&IF(AND(ISNUMBER(O40),O40=T40),"NMMC, ","")&IF(AND(ISNUMBER(Q40),Q40=T40),"Platinum, ",""))-2)) -> No quote | V40: =IF(S40=0,"",T40*F40)
A41: 36 | B41: 99-98-9120017-42-000-000 | C41: TABLET-RISEDRONATE SODIUM 150 MG | D41: ATCONATE (ATCO) | E41: PACKET | F41: 100 | O41: 493 | P41: ATCONATE 150MG TABLET | S41: =COUNT(G41,I41,K41,M41,O41,Q41) -> 1 | T41: =IF(S41=0,"",MIN(G41,I41,K41,M41,O41,Q41)) -> 493 | U41: =IF(S41=0,"No quote",LEFT(IF(AND(ISNUMBER(G41),G41=T41),"Ahsan, ","")&IF(AND(ISNUMBER(I41),I41=T41),"Aslam, ","")&IF(AND(ISNUMBER(K41),K41=T41),"Jamil, ","")&IF(AND(ISNUMBER(M41),M41=T41),"Muller, ","")&IF(AND(ISNUMBER(O41),O41=T41),"NMMC, ","")&IF(AND(ISNUMBER(Q41),Q41=T41),"Platinum, ",""),LEN(IF(AND(ISNUMBER(G41),G41=T41),"Ahsan, ","")&IF(AND(ISNUMBER(I41),I41=T41),"Aslam, ","")&IF(AND(ISNUMBER(K41),K41=T41),"Jamil, ","")&IF(AND(ISNUMBER(M41),M41=T41),"Muller, ","")&IF(AND(ISNUMBER(O41),O41=T41),"NMMC, ","")&IF(AND(ISNUMBER(Q41),Q41=T41),"Platinum, ",""))-2)) -> NMMC | V41: =IF(S41=0,"",T41*F41) -> 49300
A42: 37 | B42: 99-98-9120017-25-000-000 | C42: TABLET-CO-AMOXICLAV 625 MG | D42: AMCLAV (GETZ), AUGMENTIN (GSK), TERMIBEX (HIGHNOON), AMOXI-CLAV (OBS/AGP), SAM-CLAV (SAMI) | E42: PACKET | F42: 250 | G42: 197.93 | H42: SAM-CLAV | I42: 197.93 | J42: Bosch | K42: 502.77 | L42: AUGMENTIN 625MG TAB | M42: 197.93 | N42: AMOXI-CLAV (OBS/AGP) | S42: =COUNT(G42,I42,K42,M42,O42,Q42) -> 4 | T42: =IF(S42=0,"",MIN(G42,I42,K42,M42,O42,Q42)) -> 197.93 | U42: =IF(S42=0,"No quote",LEFT(IF(AND(ISNUMBER(G42),G42=T42),"Ahsan, ","")&IF(AND(ISNUMBER(I42),I42=T42),"Aslam, ","")&IF(AND(ISNUMBER(K42),K42=T42),"Jamil, ","")&IF(AND(ISNUMBER(M42),M42=T42),"Muller, ","")&IF(AND(ISNUMBER(O42),O42=T42),"NMMC, ","")&IF(AND(ISNUMBER(Q42),Q42=T42),"Platinum, ",""),LEN(IF(AND(ISNUMBER(G42),G42=T42),"Ahsan, ","")&IF(AND(ISNUMBER(I42),I42=T42),"Aslam, ","")&IF(AND(ISNUMBER(K42),K42=T42),"Jamil, ","")&IF(AND(ISNUMBER(M42),M42=T42),"Muller, ","")&IF(AND(ISNUMBER(O42),O42=T42),"NMMC, ","")&IF(AND(ISNUMBER(Q42),Q42=T42),"Platinum, ",""))-2)) -> Ahsan, Aslam, Muller | V42: =IF(S42=0,"",T42*F42) -> 49482.5 | W42: Aslam: pack 6's
A43: 38 | B43: 99-98-9120017-23-000-000 | C43: TABLET-CO-AMOXICLAV 1000 MG | D43: AMCLAV (GETZ), AUGMENTIN (GSK), AMOXI-CLAV (OBS/AGP), SAM-CLAV (SAMI) | E43: PACKET | F43: 250 | G43: 250.46 | H43: SAM-CLAV | I43: 250.46 | J43: Bosch | K43: 622.95 | L43: AUGMENTIN 1G TAB | M43: 250.5 | N43: AMOXI-CLAV (OBS/AGP) | S43: =COUNT(G43,I43,K43,M43,O43,Q43) -> 4 | T43: =IF(S43=0,"",MIN(G43,I43,K43,M43,O43,Q43)) -> 250.46 | U43: =IF(S43=0,"No quote",LEFT(IF(AND(ISNUMBER(G43),G43=T43),"Ahsan, ","")&IF(AND(ISNUMBER(I43),I43=T43),"Aslam, ","")&IF(AND(ISNUMBER(K43),K43=T43),"Jamil, ","")&IF(AND(ISNUMBER(M43),M43=T43),"Muller, ","")&IF(AND(ISNUMBER(O43),O43=T43),"NMMC, ","")&IF(AND(ISNUMBER(Q43),Q43=T43),"Platinum, ",""),LEN(IF(AND(ISNUMBER(G43),G43=T43),"Ahsan, ","")&IF(AND(ISNUMBER(I43),I43=T43),"Aslam, ","")&IF(AND(ISNUMBER(K43),K43=T43),"Jamil, ","")&IF(AND(ISNUMBER(M43),M43=T43),"Muller, ","")&IF(AND(ISNUMBER(O43),O43=T43),"NMMC, ","")&IF(AND(ISNUMBER(Q43),Q43=T43),"Platinum, ",""))-2)) -> Ahsan, Aslam | V43: =IF(S43=0,"",T43*F43) -> 62615 | W43: Aslam: pack 6's
A44: 39 | B44: 99-98-9120017-03-000-000 | C44: TABLET-EMPAGLIFLOZIN WITH METFORMIN 5/500 MG | D44: ADRANCE -M (ATCO), DIAPMA-M (GETZ), EMJARD-M (HOECHST/ SANOFI), DIAJARD-M (HIGHNOON) | E44: PACKET | F44: 100 | M44: 361.25 | N44: DIAPMA-M (GETZ) | O44: 257.04 | P44: DIAJARD-M 5/500MG TABLET | S44: =COUNT(G44,I44,K44,M44,O44,Q44) -> 2 | T44: =IF(S44=0,"",MIN(G44,I44,K44,M44,O44,Q44)) -> 257.04 | U44: =IF(S44=0,"No quote",LEFT(IF(AND(ISNUMBER(G44),G44=T44),"Ahsan, ","")&IF(AND(ISNUMBER(I44),I44=T44),"Aslam, ","")&IF(AND(ISNUMBER(K44),K44=T44),"Jamil, ","")&IF(AND(ISNUMBER(M44),M44=T44),"Muller, ","")&IF(AND(ISNUMBER(O44),O44=T44),"NMMC, ","")&IF(AND(ISNUMBER(Q44),Q44=T44),"Platinum, ",""),LEN(IF(AND(ISNUMBER(G44),G44=T44),"Ahsan, ","")&IF(AND(ISNUMBER(I44),I44=T44),"Aslam, ","")&IF(AND(ISNUMBER(K44),K44=T44),"Jamil, ","")&IF(AND(ISNUMBER(M44),M44=T44),"Muller, ","")&IF(AND(ISNUMBER(O44),O44=T44),"NMMC, ","")&IF(AND(ISNUMBER(Q44),Q44=T44),"Platinum, ",""))-2)) -> NMMC | V44: =IF(S44=0,"",T44*F44) -> 25704
A45: 40 | B45: 99-98-9120017-32-000-000 | C45: TABLET-FLURBIPROFEN 100 MG | D45: FROBEN (ABBOTT), ANSAID (LCI), SYNALGO (PLATINUM) | E45: PACKET | F45: 50 | K45: 363.38 | L45: FROBE 100MG TAB | Q45: 290.32 | R45: Synalgo | S45: =COUNT(G45,I45,K45,M45,O45,Q45) -> 2 | T45: =IF(S45=0,"",MIN(G45,I45,K45,M45,O45,Q45)) -> 290.32 | U45: =IF(S45=0,"No quote",LEFT(IF(AND(ISNUMBER(G45),G45=T45),"Ahsan, ","")&IF(AND(ISNUMBER(I45),I45=T45),"Aslam, ","")&IF(AND(ISNUMBER(K45),K45=T45),"Jamil, ","")&IF(AND(ISNUMBER(M45),M45=T45),"Muller, ","")&IF(AND(ISNUMBER(O45),O45=T45),"NMMC, ","")&IF(AND(ISNUMBER(Q45),Q45=T45),"Platinum, ",""),LEN(IF(AND(ISNUMBER(G45),G45=T45),"Ahsan, ","")&IF(AND(ISNUMBER(I45),I45=T45),"Aslam, ","")&IF(AND(ISNUMBER(K45),K45=T45),"Jamil, ","")&IF(AND(ISNUMBER(M45),M45=T45),"Muller, ","")&IF(AND(ISNUMBER(O45),O45=T45),"NMMC, ","")&IF(AND(ISNUMBER(Q45),Q45=T45),"Platinum, ",""))-2)) -> Platinum | V45: =IF(S45=0,"",T45*F45) -> 14516
A46: 41 | B46: 99-98-9120013-85-000-000 | C46: INJECTION-RINGER'S LACTATE 1000 ML | D46: MACSOLATE (SEARLE), RINGOLACT (OTSUKA), RINGER LACTATE (PACIFIC) | E46: EACH | F46: 80 | S46: =COUNT(G46,I46,K46,M46,O46,Q46) -> 0 | T46: =IF(S46=0,"",MIN(G46,I46,K46,M46,O46,Q46)) | U46: =IF(S46=0,"No quote",LEFT(IF(AND(ISNUMBER(G46),G46=T46),"Ahsan, ","")&IF(AND(ISNUMBER(I46),I46=T46),"Aslam, ","")&IF(AND(ISNUMBER(K46),K46=T46),"Jamil, ","")&IF(AND(ISNUMBER(M46),M46=T46),"Muller, ","")&IF(AND(ISNUMBER(O46),O46=T46),"NMMC, ","")&IF(AND(ISNUMBER(Q46),Q46=T46),"Platinum, ",""),LEN(IF(AND(ISNUMBER(G46),G46=T46),"Ahsan, ","")&IF(AND(ISNUMBER(I46),I46=T46),"Aslam, ","")&IF(AND(ISNUMBER(K46),K46=T46),"Jamil, ","")&IF(AND(ISNUMBER(M46),M46=T46),"Muller, ","")&IF(AND(ISNUMBER(O46),O46=T46),"NMMC, ","")&IF(AND(ISNUMBER(Q46),Q46=T46),"Platinum, ",""))-2)) -> No quote | V46: =IF(S46=0,"",T46*F46)
A47: 42 | B47: 99-98-9120019-74-000-000 | C47: TABLET-ROSUVASTATIN 5 MG | D47: RUVASTAT (ABBOTT), ROVATOR (ATCO), ROVISTA (GETZ),ROSULIN (HIGHNOON), ROSUTROL (OBS/AGP), ROSERA (SAMI) | E47: PACKET | F47: 600 | G47: 187 | H47: ROSERA | K47: 142.8 | L47: RUVASTAT 5MG TAB | M47: 697 | N47: ROVISTA (GETZ) | O47: 122.655 | P47: ROSULIN 5MG TABLET | S47: =COUNT(G47,I47,K47,M47,O47,Q47) -> 4 | T47: =IF(S47=0,"",MIN(G47,I47,K47,M47,O47,Q47)) -> 122.655 | U47: =IF(S47=0,"No quote",LEFT(IF(AND(ISNUMBER(G47),G47=T47),"Ahsan, ","")&IF(AND(ISNUMBER(I47),I47=T47),"Aslam, ","")&IF(AND(ISNUMBER(K47),K47=T47),"Jamil, ","")&IF(AND(ISNUMBER(M47),M47=T47),"Muller, ","")&IF(AND(ISNUMBER(O47),O47=T47),"NMMC, ","")&IF(AND(ISNUMBER(Q47),Q47=T47),"Platinum, ",""),LEN(IF(AND(ISNUMBER(G47),G47=T47),"Ahsan, ","")&IF(AND(ISNUMBER(I47),I47=T47),"Aslam, ","")&IF(AND(ISNUMBER(K47),K47=T47),"Jamil, ","")&IF(AND(ISNUMBER(M47),M47=T47),"Muller, ","")&IF(AND(ISNUMBER(O47),O47=T47),"NMMC, ","")&IF(AND(ISNUMBER(Q47),Q47=T47),"Platinum, ",""))-2)) -> NMMC | V47: =IF(S47=0,"",T47*F47) -> 73593
A48: 43 | B48: 99-98-9120018-46-000-000 | C48: TABLET-ASPIRIN 75 MG | D48: ASCARD (ATCO), LOPRIN (HIGHNOON), DISPRIN CV(RECKITT) | E48: PACKET | F48: 50 | I48: 265.31 | J48: Reckitt | O48: 69.66 | P48: LOPRIN 75MG TABLET | S48: =COUNT(G48,I48,K48,M48,O48,Q48) -> 2 | T48: =IF(S48=0,"",MIN(G48,I48,K48,M48,O48,Q48)) -> 69.66 | U48: =IF(S48=0,"No quote",LEFT(IF(AND(ISNUMBER(G48),G48=T48),"Ahsan, ","")&IF(AND(ISNUMBER(I48),I48=T48),"Aslam, ","")&IF(AND(ISNUMBER(K48),K48=T48),"Jamil, ","")&IF(AND(ISNUMBER(M48),M48=T48),"Muller, ","")&IF(AND(ISNUMBER(O48),O48=T48),"NMMC, ","")&IF(AND(ISNUMBER(Q48),Q48=T48),"Platinum, ",""),LEN(IF(AND(ISNUMBER(G48),G48=T48),"Ahsan, ","")&IF(AND(ISNUMBER(I48),I48=T48),"Aslam, ","")&IF(AND(ISNUMBER(K48),K48=T48),"Jamil, ","")&IF(AND(ISNUMBER(M48),M48=T48),"Muller, ","")&IF(AND(ISNUMBER(O48),O48=T48),"NMMC, ","")&IF(AND(ISNUMBER(Q48),Q48=T48),"Platinum, ",""))-2)) -> NMMC | V48: =IF(S48=0,"",T48*F48) -> 3483
A49: 44 | B49: 99-98-9120018-36-000-000 | C49: TABLET-EBASTINE 10 MG | D49: EBAGET-D (GETZ), KESTINE (HIGHNOON), BECEPTOR- (SAMI) | E49: PACKET | F49: 500 | G49: 191.25 | H49: BECEPTOR | M49: 205.7 | N49: EBAGET-D (GETZ) | O49: 245.1287 | P49: KESTINE 10MG TABLET | S49: =COUNT(G49,I49,K49,M49,O49,Q49) -> 3 | T49: =IF(S49=0,"",MIN(G49,I49,K49,M49,O49,Q49)) -> 191.25 | U49: =IF(S49=0,"No quote",LEFT(IF(AND(ISNUMBER(G49),G49=T49),"Ahsan, ","")&IF(AND(ISNUMBER(I49),I49=T49),"Aslam, ","")&IF(AND(ISNUMBER(K49),K49=T49),"Jamil, ","")&IF(AND(ISNUMBER(M49),M49=T49),"Muller, ","")&IF(AND(ISNUMBER(O49),O49=T49),"NMMC, ","")&IF(AND(ISNUMBER(Q49),Q49=T49),"Platinum, ",""),LEN(IF(AND(ISNUMBER(G49),G49=T49),"Ahsan, ","")&IF(AND(ISNUMBER(I49),I49=T49),"Aslam, ","")&IF(AND(ISNUMBER(K49),K49=T49),"Jamil, ","")&IF(AND(ISNUMBER(M49),M49=T49),"Muller, ","")&IF(AND(ISNUMBER(O49),O49=T49),"NMMC, ","")&IF(AND(ISNUMBER(Q49),Q49=T49),"Platinum, ",""))-2)) -> Ahsan | V49: =IF(S49=0,"",T49*F49) -> 95625
A50: 45 | B50: 99-98-9120024-19-000-000 | C50: DROP-SODIUM PICOSULPHATE 30 ML | D50: SKILAX (HIGHNOON), CONSPIC (SAMI), LAXOBERON (MARTIN DOW) | E50: EACH | F50: 50 | O50: 93.925 | P50: SKILAX 30ML DROP | S50: =COUNT(G50,I50,K50,M50,O50,Q50) -> 1 | T50: =IF(S50=0,"",MIN(G50,I50,K50,M50,O50,Q50)) -> 93.925 | U50: =IF(S50=0,"No quote",LEFT(IF(AND(ISNUMBER(G50),G50=T50),"Ahsan, ","")&IF(AND(ISNUMBER(I50),I50=T50),"Aslam, ","")&IF(AND(ISNUMBER(K50),K50=T50),"Jamil, ","")&IF(AND(ISNUMBER(M50),M50=T50),"Muller, ","")&IF(AND(ISNUMBER(O50),O50=T50),"NMMC, ","")&IF(AND(ISNUMBER(Q50),Q50=T50),"Platinum, ",""),LEN(IF(AND(ISNUMBER(G50),G50=T50),"Ahsan, ","")&IF(AND(ISNUMBER(I50),I50=T50),"Aslam, ","")&IF(AND(ISNUMBER(K50),K50=T50),"Jamil, ","")&IF(AND(ISNUMBER(M50),M50=T50),"Muller, ","")&IF(AND(ISNUMBER(O50),O50=T50),"NMMC, ","")&IF(AND(ISNUMBER(Q50),Q50=T50),"Platinum, ",""))-2)) -> NMMC | V50: =IF(S50=0,"",T50*F50) -> 4696.25
A51: 46 | B51: 99-98-9120018-63-000-000 | C51: TABLET-NEBIVOLOL 2.5 MG | D51: BYNEVOL (ATCO), NEBIL (GETZ), NEBIX (HIGHNOON), BYSCARD (SEARLE), NEBICARE (BH) | E51: PACKET | F51: 150 | I51: 214.2 | J51: Searle | M51: 165.5 | N51: NEBTEC 2.5MG (PHARMATEC) | O51: 203.49 | P51: BYSCARD 2.5MG TABLET | S51: =COUNT(G51,I51,K51,M51,O51,Q51) -> 3 | T51: =IF(S51=0,"",MIN(G51,I51,K51,M51,O51,Q51)) -> 165.5 | U51: =IF(S51=0,"No quote",LEFT(IF(AND(ISNUMBER(G51),G51=T51),"Ahsan, ","")&IF(AND(ISNUMBER(I51),I51=T51),"Aslam, ","")&IF(AND(ISNUMBER(K51),K51=T51),"Jamil, ","")&IF(AND(ISNUMBER(M51),M51=T51),"Muller, ","")&IF(AND(ISNUMBER(O51),O51=T51),"NMMC, ","")&IF(AND(ISNUMBER(Q51),Q51=T51),"Platinum, ",""),LEN(IF(AND(ISNUMBER(G51),G51=T51),"Ahsan, ","")&IF(AND(ISNUMBER(I51),I51=T51),"Aslam, ","")&IF(AND(ISNUMBER(K51),K51=T51),"Jamil, ","")&IF(AND(ISNUMBER(M51),M51=T51),"Muller, ","")&IF(AND(ISNUMBER(O51),O51=T51),"NMMC, ","")&IF(AND(ISNUMBER(Q51),Q51=T51),"Platinum, ",""))-2)) -> Muller | V51: =IF(S51=0,"",T51*F51) -> 24825
A52: 47 | B52: 99-98-9120018-57-000-000 | C52: TABLET-VITAMIN A & D3 (50,000 IU) | D52: MY-D (ATCO), TYVOTAL (SEARLE) | E52: PACKET | F52: 750 | O52: 411.04 | P52: MY-D 50,000 IU TABLET | S52: =COUNT(G52,I52,K52,M52,O52,Q52) -> 1 | T52: =IF(S52=0,"",MIN(G52,I52,K52,M52,O52,Q52)) -> 411.04 | U52: =IF(S52=0,"No quote",LEFT(IF(AND(ISNUMBER(G52),G52=T52),"Ahsan, ","")&IF(AND(ISNUMBER(I52),I52=T52),"Aslam, ","")&IF(AND(ISNUMBER(K52),K52=T52),"Jamil, ","")&IF(AND(ISNUMBER(M52),M52=T52),"Muller, ","")&IF(AND(ISNUMBER(O52),O52=T52),"NMMC, ","")&IF(AND(ISNUMBER(Q52),Q52=T52),"Platinum, ",""),LEN(IF(AND(ISNUMBER(G52),G52=T52),"Ahsan, ","")&IF(AND(ISNUMBER(I52),I52=T52),"Aslam, ","")&IF(AND(ISNUMBER(K52),K52=T52),"Jamil, ","")&IF(AND(ISNUMBER(M52),M52=T52),"Muller, ","")&IF(AND(ISNUMBER(O52),O52=T52),"NMMC, ","")&IF(AND(ISNUMBER(Q52),Q52=T52),"Platinum, ",""))-2)) -> NMMC | V52: =IF(S52=0,"",T52*F52) -> 308280
A53: 48 | B53: 99-98-9120017-59-000-000 | C53: TABLET-CALCIUM WITH VITAMIN D2 & VITAMIN K | D53: BMD-MAX TAB (ATCO), OSTEGEM (SEARLE), KALV (CCL) | E53: PACKET | F53: 200 | I53: 691.52 | J53: Searle | O53: 753.57 | P53: BMD-MAX TABLET | S53: =COUNT(G53,I53,K53,M53,O53,Q53) -> 2 | T53: =IF(S53=0,"",MIN(G53,I53,K53,M53,O53,Q53)) -> 691.52 | U53: =IF(S53=0,"No quote",LEFT(IF(AND(ISNUMBER(G53),G53=T53),"Ahsan, ","")&IF(AND(ISNUMBER(I53),I53=T53),"Aslam, ","")&IF(AND(ISNUMBER(K53),K53=T53),"Jamil, ","")&IF(AND(ISNUMBER(M53),M53=T53),"Muller, ","")&IF(AND(ISNUMBER(O53),O53=T53),"NMMC, ","")&IF(AND(ISNUMBER(Q53),Q53=T53),"Platinum, ",""),LEN(IF(AND(ISNUMBER(G53),G53=T53),"Ahsan, ","")&IF(AND(ISNUMBER(I53),I53=T53),"Aslam, ","")&IF(AND(ISNUMBER(K53),K53=T53),"Jamil, ","")&IF(AND(ISNUMBER(M53),M53=T53),"Muller, ","")&IF(AND(ISNUMBER(O53),O53=T53),"NMMC, ","")&IF(AND(ISNUMBER(Q53),Q53=T53),"Platinum, ",""))-2)) -> Aslam | V53: =IF(S53=0,"",T53*F53) -> 138304
A54: 49 | B54: 99-98-9120019-07-000-000 | C54: TABLET-PARACETAMOL WITH CODEINE & CAFFEINE | D54: NAPADOC (ATCO), FEMIDOL PLUS (PACIFIC) | E54: PACKET | F54: 65 | S54: =COUNT(G54,I54,K54,M54,O54,Q54) -> 0 | T54: =IF(S54=0,"",MIN(G54,I54,K54,M54,O54,Q54)) | U54: =IF(S54=0,"No quote",LEFT(IF(AND(ISNUMBER(G54),G54=T54),"Ahsan, ","")&IF(AND(ISNUMBER(I54),I54=T54),"Aslam, ","")&IF(AND(ISNUMBER(K54),K54=T54),"Jamil, ","")&IF(AND(ISNUMBER(M54),M54=T54),"Muller, ","")&IF(AND(ISNUMBER(O54),O54=T54),"NMMC, ","")&IF(AND(ISNUMBER(Q54),Q54=T54),"Platinum, ",""),LEN(IF(AND(ISNUMBER(G54),G54=T54),"Ahsan, ","")&IF(AND(ISNUMBER(I54),I54=T54),"Aslam, ","")&IF(AND(ISNUMBER(K54),K54=T54),"Jamil, ","")&IF(AND(ISNUMBER(M54),M54=T54),"Muller, ","")&IF(AND(ISNUMBER(O54),O54=T54),"NMMC, ","")&IF(AND(ISNUMBER(Q54),Q54=T54),"Platinum, ",""))-2)) -> No quote | V54: =IF(S54=0,"",T54*F54)
A55: 50 | B55: 99-98-9120018-39-000-000 | C55: TABLET-BROMAZEPAM 3 MG | D55: ANXIT (ATCO), SAMBRO (SAMI), SAKOON (LCI),LEXOTANIL (MARTIN DOW) | E55: PACKET | F55: 20 | G55: 221 | H55: SAMBRO | O55: 591.6 | P55: LEXOTANIL 3MG TABLET | S55: =COUNT(G55,I55,K55,M55,O55,Q55) -> 2 | T55: =IF(S55=0,"",MIN(G55,I55,K55,M55,O55,Q55)) -> 221 | U55: =IF(S55=0,"No quote",LEFT(IF(AND(ISNUMBER(G55),G55=T55),"Ahsan, ","")&IF(AND(ISNUMBER(I55),I55=T55),"Aslam, ","")&IF(AND(ISNUMBER(K55),K55=T55),"Jamil, ","")&IF(AND(ISNUMBER(M55),M55=T55),"Muller, ","")&IF(AND(ISNUMBER(O55),O55=T55),"NMMC, ","")&IF(AND(ISNUMBER(Q55),Q55=T55),"Platinum, ",""),LEN(IF(AND(ISNUMBER(G55),G55=T55),"Ahsan, ","")&IF(AND(ISNUMBER(I55),I55=T55),"Aslam, ","")&IF(AND(ISNUMBER(K55),K55=T55),"Jamil, ","")&IF(AND(ISNUMBER(M55),M55=T55),"Muller, ","")&IF(AND(ISNUMBER(O55),O55=T55),"NMMC, ","")&IF(AND(ISNUMBER(Q55),Q55=T55),"Platinum, ",""))-2)) -> Ahsan | V55: =IF(S55=0,"",T55*F55) -> 4420
A56: 51 | B56: 99-98-9120018-23-000-000 | C56: TABLET-METFORMIN HYDROCHLORIDE-XR 750 MG | D56: GLUCOPHAGE-XR (MARTIN DOW), REGAIN-XR (WERRICK), NEOPHAGE-XR (ABBOTT) | E56: PACKET | F56: 200 | O56: 321.04 | P56: GLUCOPHAGE-XR 750 MG TABLET | S56: =COUNT(G56,I56,K56,M56,O56,Q56) -> 1 | T56: =IF(S56=0,"",MIN(G56,I56,K56,M56,O56,Q56)) -> 321.04 | U56: =IF(S56=0,"No quote",LEFT(IF(AND(ISNUMBER(G56),G56=T56),"Ahsan, ","")&IF(AND(ISNUMBER(I56),I56=T56),"Aslam, ","")&IF(AND(ISNUMBER(K56),K56=T56),"Jamil, ","")&IF(AND(ISNUMBER(M56),M56=T56),"Muller, ","")&IF(AND(ISNUMBER(O56),O56=T56),"NMMC, ","")&IF(AND(ISNUMBER(Q56),Q56=T56),"Platinum, ",""),LEN(IF(AND(ISNUMBER(G56),G56=T56),"Ahsan, ","")&IF(AND(ISNUMBER(I56),I56=T56),"Aslam, ","")&IF(AND(ISNUMBER(K56),K56=T56),"Jamil, ","")&IF(AND(ISNUMBER(M56),M56=T56),"Muller, ","")&IF(AND(ISNUMBER(O56),O56=T56),"NMMC, ","")&IF(AND(ISNUMBER(Q56),Q56=T56),"Platinum, ",""))-2)) -> NMMC | V56: =IF(S56=0,"",T56*F56) -> 64208
A57: 52 | B57: 99-98-9120019-42-000-000 | C57: TABLET-DICLOFENAC SODIUM 50 MG | D57: ARTIFEN (ABBOTT), PENFEN (ATCO), MAGNOFENAC (OBS/AGP), DICLORAN (SAMI), VOLTRAL (HALEON) | E57: PACKET | F57: 250 | G57: 331.5 | H57: DICLORAN | I57: 382.5 | J57: Haleon | K57: 708.05 | L57: ARTIFEN 50MG TAB | M57: 242.48 | N57: VOLTRAL (NOVARTIS) | S57: =COUNT(G57,I57,K57,M57,O57,Q57) -> 4 | T57: =IF(S57=0,"",MIN(G57,I57,K57,M57,O57,Q57)) -> 242.48 | U57: =IF(S57=0,"No quote",LEFT(IF(AND(ISNUMBER(G57),G57=T57),"Ahsan, ","")&IF(AND(ISNUMBER(I57),I57=T57),"Aslam, ","")&IF(AND(ISNUMBER(K57),K57=T57),"Jamil, ","")&IF(AND(ISNUMBER(M57),M57=T57),"Muller, ","")&IF(AND(ISNUMBER(O57),O57=T57),"NMMC, ","")&IF(AND(ISNUMBER(Q57),Q57=T57),"Platinum, ",""),LEN(IF(AND(ISNUMBER(G57),G57=T57),"Ahsan, ","")&IF(AND(ISNUMBER(I57),I57=T57),"Aslam, ","")&IF(AND(ISNUMBER(K57),K57=T57),"Jamil, ","")&IF(AND(ISNUMBER(M57),M57=T57),"Muller, ","")&IF(AND(ISNUMBER(O57),O57=T57),"NMMC, ","")&IF(AND(ISNUMBER(Q57),Q57=T57),"Platinum, ",""))-2)) -> Muller | V57: =IF(S57=0,"",T57*F57) -> 60620
A58: 53 | B58: 99-98-9120017-49-000-000 | C58: TABLET-MOXIFLOXACIN 400 MG | D58: MOKSI (ABBOTT), MOXIGET (GETZ), OXAQUIN (HIGHNOON), AVELOX TAB (OBS/AGP), MOFEST (SAMI), XEFECTA (HILTON), BARIMOX (BH) | E58: PACKET | F58: 200 | G58: 467.5 | H58: MOFEST | I58: 467.5 | J58: Bosch | K58: 530.4 | L58: MOKSI TAB | M58: 518.5 | N58: MOXIGET (GETZ) | O58: 270.725 | P58: OXAQUIN 400MG TABLET | S58: =COUNT(G58,I58,K58,M58,O58,Q58) -> 5 | T58: =IF(S58=0,"",MIN(G58,I58,K58,M58,O58,Q58)) -> 270.725 | U58: =IF(S58=0,"No quote",LEFT(IF(AND(ISNUMBER(G58),G58=T58),"Ahsan, ","")&IF(AND(ISNUMBER(I58),I58=T58),"Aslam, ","")&IF(AND(ISNUMBER(K58),K58=T58),"Jamil, ","")&IF(AND(ISNUMBER(M58),M58=T58),"Muller, ","")&IF(AND(ISNUMBER(O58),O58=T58),"NMMC, ","")&IF(AND(ISNUMBER(Q58),Q58=T58),"Platinum, ",""),LEN(IF(AND(ISNUMBER(G58),G58=T58),"Ahsan, ","")&IF(AND(ISNUMBER(I58),I58=T58),"Aslam, ","")&IF(AND(ISNUMBER(K58),K58=T58),"Jamil, ","")&IF(AND(ISNUMBER(M58),M58=T58),"Muller, ","")&IF(AND(ISNUMBER(O58),O58=T58),"NMMC, ","")&IF(AND(ISNUMBER(Q58),Q58=T58),"Platinum, ",""))-2)) -> NMMC | V58: =IF(S58=0,"",T58*F58) -> 54145
A59: 54 | B59: 99-98-9120017-29-000-000 | C59: TABLET-PHLOROGLUCINOL WITH TRIMETHYLPHLOROGLUCINOL | D59: ANAFORTAN PLUS (OBS/AGP), ORGLU (SAMI), SPASRID (BH) | E59: PACKET | F59: 50 | G59: 318.75 | H59: ORGLU | M59: 892.5 | N59: ANAFORTAN PLUS (OBS/AGP) | S59: =COUNT(G59,I59,K59,M59,O59,Q59) -> 2 | T59: =IF(S59=0,"",MIN(G59,I59,K59,M59,O59,Q59)) -> 318.75 | U59: =IF(S59=0,"No quote",LEFT(IF(AND(ISNUMBER(G59),G59=T59),"Ahsan, ","")&IF(AND(ISNUMBER(I59),I59=T59),"Aslam, ","")&IF(AND(ISNUMBER(K59),K59=T59),"Jamil, ","")&IF(AND(ISNUMBER(M59),M59=T59),"Muller, ","")&IF(AND(ISNUMBER(O59),O59=T59),"NMMC, ","")&IF(AND(ISNUMBER(Q59),Q59=T59),"Platinum, ",""),LEN(IF(AND(ISNUMBER(G59),G59=T59),"Ahsan, ","")&IF(AND(ISNUMBER(I59),I59=T59),"Aslam, ","")&IF(AND(ISNUMBER(K59),K59=T59),"Jamil, ","")&IF(AND(ISNUMBER(M59),M59=T59),"Muller, ","")&IF(AND(ISNUMBER(O59),O59=T59),"NMMC, ","")&IF(AND(ISNUMBER(Q59),Q59=T59),"Platinum, ",""))-2)) -> Ahsan | V59: =IF(S59=0,"",T59*F59) -> 15937.5
A60: 55 | B60: 99-98-9120019-11-000-000 | C60: TABLET-SERTRALINE 50 MG | D60: ZOLOFT (OBS/AGP), SERT (BH), ROZANTO (MARTIN DOW) | E60: PACKET | F60: 50 | G60: 382.5 | H60: SERT | M60: 2737.17 | N60: ZOLOFT (OBS/AGP) | O60: 382.5 | P60: SERT 50MG TABLET | S60: =COUNT(G60,I60,K60,M60,O60,Q60) -> 3 | T60: =IF(S60=0,"",MIN(G60,I60,K60,M60,O60,Q60)) -> 382.5 | U60: =IF(S60=0,"No quote",LEFT(IF(AND(ISNUMBER(G60),G60=T60),"Ahsan, ","")&IF(AND(ISNUMBER(I60),I60=T60),"Aslam, ","")&IF(AND(ISNUMBER(K60),K60=T60),"Jamil, ","")&IF(AND(ISNUMBER(M60),M60=T60),"Muller, ","")&IF(AND(ISNUMBER(O60),O60=T60),"NMMC, ","")&IF(AND(ISNUMBER(Q60),Q60=T60),"Platinum, ",""),LEN(IF(AND(ISNUMBER(G60),G60=T60),"Ahsan, ","")&IF(AND(ISNUMBER(I60),I60=T60),"Aslam, ","")&IF(AND(ISNUMBER(K60),K60=T60),"Jamil, ","")&IF(AND(ISNUMBER(M60),M60=T60),"Muller, ","")&IF(AND(ISNUMBER(O60),O60=T60),"NMMC, ","")&IF(AND(ISNUMBER(Q60),Q60=T60),"Platinum, ",""))-2)) -> Ahsan, NMMC | V60: =IF(S60=0,"",T60*F60) -> 19125
A61: 56 | B61: 99-98-9120024-10-000-000 | C61: EYE DROP-DEXAMETHASONE WITH TOBRAMYCIN | D61: BRACIN-D (ATCO), TOBRADEX (OBS/AGP), EYEBRADEX (BH), TOBRAZAN-D (HORIZON) | E61: EACH | F61: 200 | G61: 255 | H61: EYEBRADEX | O61: 193.8 | P61: BRACIN-D EYE DROP | S61: =COUNT(G61,I61,K61,M61,O61,Q61) -> 2 | T61: =IF(S61=0,"",MIN(G61,I61,K61,M61,O61,Q61)) -> 193.8 | U61: =IF(S61=0,"No quote",LEFT(IF(AND(ISNUMBER(G61),G61=T61),"Ahsan, ","")&IF(AND(ISNUMBER(I61),I61=T61),"Aslam, ","")&IF(AND(ISNUMBER(K61),K61=T61),"Jamil, ","")&IF(AND(ISNUMBER(M61),M61=T61),"Muller, ","")&IF(AND(ISNUMBER(O61),O61=T61),"NMMC, ","")&IF(AND(ISNUMBER(Q61),Q61=T61),"Platinum, ",""),LEN(IF(AND(ISNUMBER(G61),G61=T61),"Ahsan, ","")&IF(AND(ISNUMBER(I61),I61=T61),"Aslam, ","")&IF(AND(ISNUMBER(K61),K61=T61),"Jamil, ","")&IF(AND(ISNUMBER(M61),M61=T61),"Muller, ","")&IF(AND(ISNUMBER(O61),O61=T61),"NMMC, ","")&IF(AND(ISNUMBER(Q61),Q61=T61),"Platinum, ",""))-2)) -> NMMC | V61: =IF(S61=0,"",T61*F61) -> 38760
A62: 57 | B62: 99-98-9120017-58-000-000 | C62: TABLET-BETAMETHASONE SODIUM 0.5 MG | D62: BETNELAN (GSK), BETNESOL (GSK) | E62: PACKET | F62: 10 | K62: 1114.26 | L62: BETNELAN TAB | S62: =COUNT(G62,I62,K62,M62,O62,Q62) -> 1 | T62: =IF(S62=0,"",MIN(G62,I62,K62,M62,O62,Q62)) -> 1114.26 | U62: =IF(S62=0,"No quote",LEFT(IF(AND(ISNUMBER(G62),G62=T62),"Ahsan, ","")&IF(AND(ISNUMBER(I62),I62=T62),"Aslam, ","")&IF(AND(ISNUMBER(K62),K62=T62),"Jamil, ","")&IF(AND(ISNUMBER(M62),M62=T62),"Muller, ","")&IF(AND(ISNUMBER(O62),O62=T62),"NMMC, ","")&IF(AND(ISNUMBER(Q62),Q62=T62),"Platinum, ",""),LEN(IF(AND(ISNUMBER(G62),G62=T62),"Ahsan, ","")&IF(AND(ISNUMBER(I62),I62=T62),"Aslam, ","")&IF(AND(ISNUMBER(K62),K62=T62),"Jamil, ","")&IF(AND(ISNUMBER(M62),M62=T62),"Muller, ","")&IF(AND(ISNUMBER(O62),O62=T62),"NMMC, ","")&IF(AND(ISNUMBER(Q62),Q62=T62),"Platinum, ",""))-2)) -> Jamil | V62: =IF(S62=0,"",T62*F62) -> 11142.6
A63: 58 | B63: 99-98-9120023-10-000-000 | C63: CREAM-CLOBETASOL TOPICAL 20 GM | D63: CLOBDERM (ATCO), DERMOVATE (GSK), CLOBEVATE (GSK), CLOBICARE (MARTIN DOW) | E63: EACH | F63: 50 | K63: 185.05 | L63: CLOBEVATE CREAM | O63: 114.75 | P63: CLOBDERM 20GM CREAM | S63: =COUNT(G63,I63,K63,M63,O63,Q63) -> 2 | T63: =IF(S63=0,"",MIN(G63,I63,K63,M63,O63,Q63)) -> 114.75 | U63: =IF(S63=0,"No quote",LEFT(IF(AND(ISNUMBER(G63),G63=T63),"Ahsan, ","")&IF(AND(ISNUMBER(I63),I63=T63),"Aslam, ","")&IF(AND(ISNUMBER(K63),K63=T63),"Jamil, ","")&IF(AND(ISNUMBER(M63),M63=T63),"Muller, ","")&IF(AND(ISNUMBER(O63),O63=T63),"NMMC, ","")&IF(AND(ISNUMBER(Q63),Q63=T63),"Platinum, ",""),LEN(IF(AND(ISNUMBER(G63),G63=T63),"Ahsan, ","")&IF(AND(ISNUMBER(I63),I63=T63),"Aslam, ","")&IF(AND(ISNUMBER(K63),K63=T63),"Jamil, ","")&IF(AND(ISNUMBER(M63),M63=T63),"Muller, ","")&IF(AND(ISNUMBER(O63),O63=T63),"NMMC, ","")&IF(AND(ISNUMBER(Q63),Q63=T63),"Platinum, ",""))-2)) -> NMMC | V63: =IF(S63=0,"",T63*F63) -> 5737.5
A64: 59 | B64: 99-98-9120018-30-000-000 | C64: TABLET-PROPRANOLOL 10 MG | D64: INDERAL TAB (LCI) | E64: PACKET | F64: 30 | S64: =COUNT(G64,I64,K64,M64,O64,Q64) -> 0 | T64: =IF(S64=0,"",MIN(G64,I64,K64,M64,O64,Q64)) | U64: =IF(S64=0,"No quote",LEFT(IF(AND(ISNUMBER(G64),G64=T64),"Ahsan, ","")&IF(AND(ISNUMBER(I64),I64=T64),"Aslam, ","")&IF(AND(ISNUMBER(K64),K64=T64),"Jamil, ","")&IF(AND(ISNUMBER(M64),M64=T64),"Muller, ","")&IF(AND(ISNUMBER(O64),O64=T64),"NMMC, ","")&IF(AND(ISNUMBER(Q64),Q64=T64),"Platinum, ",""),LEN(IF(AND(ISNUMBER(G64),G64=T64),"Ahsan, ","")&IF(AND(ISNUMBER(I64),I64=T64),"Aslam, ","")&IF(AND(ISNUMBER(K64),K64=T64),"Jamil, ","")&IF(AND(ISNUMBER(M64),M64=T64),"Muller, ","")&IF(AND(ISNUMBER(O64),O64=T64),"NMMC, ","")&IF(AND(ISNUMBER(Q64),Q64=T64),"Platinum, ",""))-2)) -> No quote | V64: =IF(S64=0,"",T64*F64)
A65: 60 | B65: 99-98-9120023-44-000-000 | C65: LOTION-PERMETHRIN 60 ML | D65: SCABFREE (ATCO), LOTRIX (GSK), Z-X (MARTIN DOW), SCABRID (TABROS) | E65: EACH | F65: 100 | O65: 136.63 | P65: SCABFREE 60ML LOTION | S65: =COUNT(G65,I65,K65,M65,O65,Q65) -> 1 | T65: =IF(S65=0,"",MIN(G65,I65,K65,M65,O65,Q65)) -> 136.63 | U65: =IF(S65=0,"No quote",LEFT(IF(AND(ISNUMBER(G65),G65=T65),"Ahsan, ","")&IF(AND(ISNUMBER(I65),I65=T65),"Aslam, ","")&IF(AND(ISNUMBER(K65),K65=T65),"Jamil, ","")&IF(AND(ISNUMBER(M65),M65=T65),"Muller, ","")&IF(AND(ISNUMBER(O65),O65=T65),"NMMC, ","")&IF(AND(ISNUMBER(Q65),Q65=T65),"Platinum, ",""),LEN(IF(AND(ISNUMBER(G65),G65=T65),"Ahsan, ","")&IF(AND(ISNUMBER(I65),I65=T65),"Aslam, ","")&IF(AND(ISNUMBER(K65),K65=T65),"Jamil, ","")&IF(AND(ISNUMBER(M65),M65=T65),"Muller, ","")&IF(AND(ISNUMBER(O65),O65=T65),"NMMC, ","")&IF(AND(ISNUMBER(Q65),Q65=T65),"Platinum, ",""))-2)) -> NMMC | V65: =IF(S65=0,"",T65*F65) -> 13663
A66: 61 | B66: 99-98-9120024-14-000-000 | C66: DROP-SODIUM CHLORIDE(NASAL) 30 ML | D66: NORSALINE-P (ATCO), XYNOSINE SALINE (ZAFA) | E66: EACH | F66: 100 | O66: 107.1 | P66: NORSALINE-P NASAL DROP | S66: =COUNT(G66,I66,K66,M66,O66,Q66) -> 1 | T66: =IF(S66=0,"",MIN(G66,I66,K66,M66,O66,Q66)) -> 107.1 | U66: =IF(S66=0,"No quote",LEFT(IF(AND(ISNUMBER(G66),G66=T66),"Ahsan, ","")&IF(AND(ISNUMBER(I66),I66=T66),"Aslam, ","")&IF(AND(ISNUMBER(K66),K66=T66),"Jamil, ","")&IF(AND(ISNUMBER(M66),M66=T66),"Muller, ","")&IF(AND(ISNUMBER(O66),O66=T66),"NMMC, ","")&IF(AND(ISNUMBER(Q66),Q66=T66),"Platinum, ",""),LEN(IF(AND(ISNUMBER(G66),G66=T66),"Ahsan, ","")&IF(AND(ISNUMBER(I66),I66=T66),"Aslam, ","")&IF(AND(ISNUMBER(K66),K66=T66),"Jamil, ","")&IF(AND(ISNUMBER(M66),M66=T66),"Muller, ","")&IF(AND(ISNUMBER(O66),O66=T66),"NMMC, ","")&IF(AND(ISNUMBER(Q66),Q66=T66),"Platinum, ",""))-2)) -> NMMC | V66: =IF(S66=0,"",T66*F66) -> 10710
A67: 62 | B67: 99-98-9120018-18-000-000 | C67: TABLET-FOLIC ACID | D67: CYBELA (LCI), FOLIC ACID (ZAFA), FOLITAB (NABIQASIM) | E67: PACKET | F67: 100 | I67: 81.33 | J67: Zafa | S67: =COUNT(G67,I67,K67,M67,O67,Q67) -> 1 | T67: =IF(S67=0,"",MIN(G67,I67,K67,M67,O67,Q67)) -> 81.33 | U67: =IF(S67=0,"No quote",LEFT(IF(AND(ISNUMBER(G67),G67=T67),"Ahsan, ","")&IF(AND(ISNUMBER(I67),I67=T67),"Aslam, ","")&IF(AND(ISNUMBER(K67),K67=T67),"Jamil, ","")&IF(AND(ISNUMBER(M67),M67=T67),"Muller, ","")&IF(AND(ISNUMBER(O67),O67=T67),"NMMC, ","")&IF(AND(ISNUMBER(Q67),Q67=T67),"Platinum, ",""),LEN(IF(AND(ISNUMBER(G67),G67=T67),"Ahsan, ","")&IF(AND(ISNUMBER(I67),I67=T67),"Aslam, ","")&IF(AND(ISNUMBER(K67),K67=T67),"Jamil, ","")&IF(AND(ISNUMBER(M67),M67=T67),"Muller, ","")&IF(AND(ISNUMBER(O67),O67=T67),"NMMC, ","")&IF(AND(ISNUMBER(Q67),Q67=T67),"Platinum, ",""))-2)) -> Aslam | V67: =IF(S67=0,"",T67*F67) -> 8133
A68: 63 | B68: 99-98-9120019-63-000-000 | C68: TABLET-METFORMIN 500 MG | D68: NEOPHAGE (ABBOTT), NEODIPAR (HOECHST/ SANOFI), XORMET (HIGHNOON), GLUCOPHAGE (MARTIN DOW) | E68: PACKET | F68: 120 | O68: 179.37 | P68: GLUCOPHAGE 500MG TABLET | S68: =COUNT(G68,I68,K68,M68,O68,Q68) -> 1 | T68: =IF(S68=0,"",MIN(G68,I68,K68,M68,O68,Q68)) -> 179.37 | U68: =IF(S68=0,"No quote",LEFT(IF(AND(ISNUMBER(G68),G68=T68),"Ahsan, ","")&IF(AND(ISNUMBER(I68),I68=T68),"Aslam, ","")&IF(AND(ISNUMBER(K68),K68=T68),"Jamil, ","")&IF(AND(ISNUMBER(M68),M68=T68),"Muller, ","")&IF(AND(ISNUMBER(O68),O68=T68),"NMMC, ","")&IF(AND(ISNUMBER(Q68),Q68=T68),"Platinum, ",""),LEN(IF(AND(ISNUMBER(G68),G68=T68),"Ahsan, ","")&IF(AND(ISNUMBER(I68),I68=T68),"Aslam, ","")&IF(AND(ISNUMBER(K68),K68=T68),"Jamil, ","")&IF(AND(ISNUMBER(M68),M68=T68),"Muller, ","")&IF(AND(ISNUMBER(O68),O68=T68),"NMMC, ","")&IF(AND(ISNUMBER(Q68),Q68=T68),"Platinum, ",""))-2)) -> NMMC | V68: =IF(S68=0,"",T68*F68) -> 21524.4
A69: 64 | B69: 99-98-9120019-34-000-000 | C69: TABLET-RAMIPRIL 2.5 MG | D69: TRITACE (HOECHST/ SANOFI), LIPRA (OBS/AGP), RAMIPACE (PHARMEVO) | E69: PACKET | F69: 25 | I69: 853.56 | J69: Hochest | O69: 492.66 | P69: RAMIPACE 2.5MG TABLET | S69: =COUNT(G69,I69,K69,M69,O69,Q69) -> 2 | T69: =IF(S69=0,"",MIN(G69,I69,K69,M69,O69,Q69)) -> 492.66 | U69: =IF(S69=0,"No quote",LEFT(IF(AND(ISNUMBER(G69),G69=T69),"Ahsan, ","")&IF(AND(ISNUMBER(I69),I69=T69),"Aslam, ","")&IF(AND(ISNUMBER(K69),K69=T69),"Jamil, ","")&IF(AND(ISNUMBER(M69),M69=T69),"Muller, ","")&IF(AND(ISNUMBER(O69),O69=T69),"NMMC, ","")&IF(AND(ISNUMBER(Q69),Q69=T69),"Platinum, ",""),LEN(IF(AND(ISNUMBER(G69),G69=T69),"Ahsan, ","")&IF(AND(ISNUMBER(I69),I69=T69),"Aslam, ","")&IF(AND(ISNUMBER(K69),K69=T69),"Jamil, ","")&IF(AND(ISNUMBER(M69),M69=T69),"Muller, ","")&IF(AND(ISNUMBER(O69),O69=T69),"NMMC, ","")&IF(AND(ISNUMBER(Q69),Q69=T69),"Platinum, ",""))-2)) -> NMMC | V69: =IF(S69=0,"",T69*F69) -> 12316.5
A70: 65 | B70: 99-98-9120018-80-000-000 | C70: TABLET-PARACETAMOL 500 MG; CALPOL (GSK),FEBROL (BH),PANADOL (HALEON),DISPROL (RECKITT) | E70: PACKET | F70: 50 | G70: 600.95 | H70: FEBROL | K70: 617.96 | L70: PANADOL TAB | S70: =COUNT(G70,I70,K70,M70,O70,Q70) -> 2 | T70: =IF(S70=0,"",MIN(G70,I70,K70,M70,O70,Q70)) -> 600.95 | U70: =IF(S70=0,"No quote",LEFT(IF(AND(ISNUMBER(G70),G70=T70),"Ahsan, ","")&IF(AND(ISNUMBER(I70),I70=T70),"Aslam, ","")&IF(AND(ISNUMBER(K70),K70=T70),"Jamil, ","")&IF(AND(ISNUMBER(M70),M70=T70),"Muller, ","")&IF(AND(ISNUMBER(O70),O70=T70),"NMMC, ","")&IF(AND(ISNUMBER(Q70),Q70=T70),"Platinum, ",""),LEN(IF(AND(ISNUMBER(G70),G70=T70),"Ahsan, ","")&IF(AND(ISNUMBER(I70),I70=T70),"Aslam, ","")&IF(AND(ISNUMBER(K70),K70=T70),"Jamil, ","")&IF(AND(ISNUMBER(M70),M70=T70),"Muller, ","")&IF(AND(ISNUMBER(O70),O70=T70),"NMMC, ","")&IF(AND(ISNUMBER(Q70),Q70=T70),"Platinum, ",""))-2)) -> Ahsan | V70: =IF(S70=0,"",T70*F70) -> 30047.5
A71: 66 | B71: 99-98-9120017-21-000-000 | C71: TABLET-GLIMEPIRIDE WITH METFORMIN 2/500 MG | D71: GETFORMIN (GETZ), AMARYL-MSR (HOECHST/ SANOFI), NYLOMET (HIGHNOON),GLUCONORMET (OBS/AGP), G-PRIDE-M (SAMI) | E71: PACKET | F71: 30 | I71: 994.5 | J71: Hochest | M71: 586.5 | N71: GETFORMIN (GETZ) | S71: =COUNT(G71,I71,K71,M71,O71,Q71) -> 2 | T71: =IF(S71=0,"",MIN(G71,I71,K71,M71,O71,Q71)) -> 586.5 | U71: =IF(S71=0,"No quote",LEFT(IF(AND(ISNUMBER(G71),G71=T71),"Ahsan, ","")&IF(AND(ISNUMBER(I71),I71=T71),"Aslam, ","")&IF(AND(ISNUMBER(K71),K71=T71),"Jamil, ","")&IF(AND(ISNUMBER(M71),M71=T71),"Muller, ","")&IF(AND(ISNUMBER(O71),O71=T71),"NMMC, ","")&IF(AND(ISNUMBER(Q71),Q71=T71),"Platinum, ",""),LEN(IF(AND(ISNUMBER(G71),G71=T71),"Ahsan, ","")&IF(AND(ISNUMBER(I71),I71=T71),"Aslam, ","")&IF(AND(ISNUMBER(K71),K71=T71),"Jamil, ","")&IF(AND(ISNUMBER(M71),M71=T71),"Muller, ","")&IF(AND(ISNUMBER(O71),O71=T71),"NMMC, ","")&IF(AND(ISNUMBER(Q71),Q71=T71),"Platinum, ",""))-2)) -> Muller | V71: =IF(S71=0,"",T71*F71) -> 17595
A72: 67 | B72: 99-98-9120024-24-000-000 | C72: DROP-XYLOMETAZOLINE CF 0.05% (NASAL) | D72: XYNOSINE CF (ZAFA) | E72: EACH | F72: 200 | I72: 49.24 | J72: Zafa | S72: =COUNT(G72,I72,K72,M72,O72,Q72) -> 1 | T72: =IF(S72=0,"",MIN(G72,I72,K72,M72,O72,Q72)) -> 49.24 | U72: =IF(S72=0,"No quote",LEFT(IF(AND(ISNUMBER(G72),G72=T72),"Ahsan, ","")&IF(AND(ISNUMBER(I72),I72=T72),"Aslam, ","")&IF(AND(ISNUMBER(K72),K72=T72),"Jamil, ","")&IF(AND(ISNUMBER(M72),M72=T72),"Muller, ","")&IF(AND(ISNUMBER(O72),O72=T72),"NMMC, ","")&IF(AND(ISNUMBER(Q72),Q72=T72),"Platinum, ",""),LEN(IF(AND(ISNUMBER(G72),G72=T72),"Ahsan, ","")&IF(AND(ISNUMBER(I72),I72=T72),"Aslam, ","")&IF(AND(ISNUMBER(K72),K72=T72),"Jamil, ","")&IF(AND(ISNUMBER(M72),M72=T72),"Muller, ","")&IF(AND(ISNUMBER(O72),O72=T72),"NMMC, ","")&IF(AND(ISNUMBER(Q72),Q72=T72),"Platinum, ",""))-2)) -> Aslam | V72: =IF(S72=0,"",T72*F72) -> 9848
A73: 68 | B73: 99-98-9120024-16-000-000 | C73: DROP-PARACETAMOL 30 ML | D73: PANADOL (HALEON),TEMPOL (WOODWARDS) | E73: EACH | F73: 100 | K73: 86.1 | L73: PANADOL DROP | S73: =COUNT(G73,I73,K73,M73,O73,Q73) -> 1 | T73: =IF(S73=0,"",MIN(G73,I73,K73,M73,O73,Q73)) -> 86.1 | U73: =IF(S73=0,"No quote",LEFT(IF(AND(ISNUMBER(G73),G73=T73),"Ahsan, ","")&IF(AND(ISNUMBER(I73),I73=T73),"Aslam, ","")&IF(AND(ISNUMBER(K73),K73=T73),"Jamil, ","")&IF(AND(ISNUMBER(M73),M73=T73),"Muller, ","")&IF(AND(ISNUMBER(O73),O73=T73),"NMMC, ","")&IF(AND(ISNUMBER(Q73),Q73=T73),"Platinum, ",""),LEN(IF(AND(ISNUMBER(G73),G73=T73),"Ahsan, ","")&IF(AND(ISNUMBER(I73),I73=T73),"Aslam, ","")&IF(AND(ISNUMBER(K73),K73=T73),"Jamil, ","")&IF(AND(ISNUMBER(M73),M73=T73),"Muller, ","")&IF(AND(ISNUMBER(O73),O73=T73),"NMMC, ","")&IF(AND(ISNUMBER(Q73),Q73=T73),"Platinum, ",""))-2)) -> Jamil | V73: =IF(S73=0,"",T73*F73) -> 8610
A74: 69 | B74: 99-98-9120019-45-000-000 | C74: TABLET-ALPRAZOLAM 0.5 MG | D74: XANAX (OBS/AGP), ALP (HILTON), ANPRA (LCI), AZOLAM (MARTIN DOW) | E74: PACKET | F74: 50 | G74: 348.5 | H74: ALP | O74: 226.44 | P74: AZOLAM 0.5MG TABLET | S74: =COUNT(G74,I74,K74,M74,O74,Q74) -> 2 | T74: =IF(S74=0,"",MIN(G74,I74,K74,M74,O74,Q74)) -> 226.44 | U74: =IF(S74=0,"No quote",LEFT(IF(AND(ISNUMBER(G74),G74=T74),"Ahsan, ","")&IF(AND(ISNUMBER(I74),I74=T74),"Aslam, ","")&IF(AND(ISNUMBER(K74),K74=T74),"Jamil, ","")&IF(AND(ISNUMBER(M74),M74=T74),"Muller, ","")&IF(AND(ISNUMBER(O74),O74=T74),"NMMC, ","")&IF(AND(ISNUMBER(Q74),Q74=T74),"Platinum, ",""),LEN(IF(AND(ISNUMBER(G74),G74=T74),"Ahsan, ","")&IF(AND(ISNUMBER(I74),I74=T74),"Aslam, ","")&IF(AND(ISNUMBER(K74),K74=T74),"Jamil, ","")&IF(AND(ISNUMBER(M74),M74=T74),"Muller, ","")&IF(AND(ISNUMBER(O74),O74=T74),"NMMC, ","")&IF(AND(ISNUMBER(Q74),Q74=T74),"Platinum, ",""))-2)) -> NMMC | V74: =IF(S74=0,"",T74*F74) -> 11322
A75: 70 | B75: 99-98-9120019-22-000-000 | C75: TABLET-NAPROXEN 500 MG | D75: FLEXIN (ABBOTT), ALCUFLEX (LCI), SYNFLEX (MARTIN DOW), DOLONAP (PLATINUM) | E75: PACKET | F75: 50 | K75: 452.2 | L75: FLEXIN 500MG TAB | O75: 764.15 | P75: SYNFLEX 500MG TABLET | Q75: 382.5 | R75: Dolonap | S75: =COUNT(G75,I75,K75,M75,O75,Q75) -> 3 | T75: =IF(S75=0,"",MIN(G75,I75,K75,M75,O75,Q75)) -> 382.5 | U75: =IF(S75=0,"No quote",LEFT(IF(AND(ISNUMBER(G75),G75=T75),"Ahsan, ","")&IF(AND(ISNUMBER(I75),I75=T75),"Aslam, ","")&IF(AND(ISNUMBER(K75),K75=T75),"Jamil, ","")&IF(AND(ISNUMBER(M75),M75=T75),"Muller, ","")&IF(AND(ISNUMBER(O75),O75=T75),"NMMC, ","")&IF(AND(ISNUMBER(Q75),Q75=T75),"Platinum, ",""),LEN(IF(AND(ISNUMBER(G75),G75=T75),"Ahsan, ","")&IF(AND(ISNUMBER(I75),I75=T75),"Aslam, ","")&IF(AND(ISNUMBER(K75),K75=T75),"Jamil, ","")&IF(AND(ISNUMBER(M75),M75=T75),"Muller, ","")&IF(AND(ISNUMBER(O75),O75=T75),"NMMC, ","")&IF(AND(ISNUMBER(Q75),Q75=T75),"Platinum, ",""))-2)) -> Platinum | V75: =IF(S75=0,"",T75*F75) -> 19125
A76: 71 | B76: 99-98-9120019-01-000-000 | C76: TABLET-ROSUVASTATIN 10 MG | D76: RUVASTAT (ABBOTT), ROVATOR (ATCO), ROVISTA (GETZ), ROSULIN (HIGHNOON), ROSERA (SAMI) | E76: PACKET | F76: 600 | G76: 272 | H76: ROSERA | K76: 244.8 | L76: RUVASTAT 10MG TAB | M76: 1156 | N76: ROVISTA (GETZ) | O76: 223.21 | P76: ROSULIN 10MG TABLET | S76: =COUNT(G76,I76,K76,M76,O76,Q76) -> 4 | T76: =IF(S76=0,"",MIN(G76,I76,K76,M76,O76,Q76)) -> 223.21 | U76: =IF(S76=0,"No quote",LEFT(IF(AND(ISNUMBER(G76),G76=T76),"Ahsan, ","")&IF(AND(ISNUMBER(I76),I76=T76),"Aslam, ","")&IF(AND(ISNUMBER(K76),K76=T76),"Jamil, ","")&IF(AND(ISNUMBER(M76),M76=T76),"Muller, ","")&IF(AND(ISNUMBER(O76),O76=T76),"NMMC, ","")&IF(AND(ISNUMBER(Q76),Q76=T76),"Platinum, ",""),LEN(IF(AND(ISNUMBER(G76),G76=T76),"Ahsan, ","")&IF(AND(ISNUMBER(I76),I76=T76),"Aslam, ","")&IF(AND(ISNUMBER(K76),K76=T76),"Jamil, ","")&IF(AND(ISNUMBER(M76),M76=T76),"Muller, ","")&IF(AND(ISNUMBER(O76),O76=T76),"NMMC, ","")&IF(AND(ISNUMBER(Q76),Q76=T76),"Platinum, ",""))-2)) -> NMMC | V76: =IF(S76=0,"",T76*F76) -> 133926
A77: 72 | B77: 99-98-9120018-21-000-000 | C77: TABLET-METFORMIN 500 MG | D77: NEOPHAGE (ABBOTT), NEODIPAR (HOECHST/ SANOFI), XORMET (HIGHNOON), GLUCOPHAGE (MARTIN DOW) | E77: PACKET | F77: 120 | I77: 157.2 | J77: Hochest | S77: =COUNT(G77,I77,K77,M77,O77,Q77) -> 1 | T77: =IF(S77=0,"",MIN(G77,I77,K77,M77,O77,Q77)) -> 157.2 | U77: =IF(S77=0,"No quote",LEFT(IF(AND(ISNUMBER(G77),G77=T77),"Ahsan, ","")&IF(AND(ISNUMBER(I77),I77=T77),"Aslam, ","")&IF(AND(ISNUMBER(K77),K77=T77),"Jamil, ","")&IF(AND(ISNUMBER(M77),M77=T77),"Muller, ","")&IF(AND(ISNUMBER(O77),O77=T77),"NMMC, ","")&IF(AND(ISNUMBER(Q77),Q77=T77),"Platinum, ",""),LEN(IF(AND(ISNUMBER(G77),G77=T77),"Ahsan, ","")&IF(AND(ISNUMBER(I77),I77=T77),"Aslam, ","")&IF(AND(ISNUMBER(K77),K77=T77),"Jamil, ","")&IF(AND(ISNUMBER(M77),M77=T77),"Muller, ","")&IF(AND(ISNUMBER(O77),O77=T77),"NMMC, ","")&IF(AND(ISNUMBER(Q77),Q77=T77),"Platinum, ",""))-2)) -> Aslam | V77: =IF(S77=0,"",T77*F77) -> 18864
A78: 73 | B78: 99-98-9120018-09-000-000 | C78: TABLET-ERTUGLIFLOZIN WITH SITAGLIPTIN 5/100 MG | D78: ERTUCO-S (ATCO), TREVIA-R (GETZ), ERTAFLOZ -S (HIGHNOON),ERTAHIL-SIT / (HILTON), ERTUGLU-S (HORIZON) | E78: PACKET | F78: 150 | M78: 565.25 | N78: TREVIA-R 2 (GETZ) | O78: 578 | P78: ERTUCO-S 5/100MG TABLET | S78: =COUNT(G78,I78,K78,M78,O78,Q78) -> 2 | T78: =IF(S78=0,"",MIN(G78,I78,K78,M78,O78,Q78)) -> 565.25 | U78: =IF(S78=0,"No quote",LEFT(IF(AND(ISNUMBER(G78),G78=T78),"Ahsan, ","")&IF(AND(ISNUMBER(I78),I78=T78),"Aslam, ","")&IF(AND(ISNUMBER(K78),K78=T78),"Jamil, ","")&IF(AND(ISNUMBER(M78),M78=T78),"Muller, ","")&IF(AND(ISNUMBER(O78),O78=T78),"NMMC, ","")&IF(AND(ISNUMBER(Q78),Q78=T78),"Platinum, ",""),LEN(IF(AND(ISNUMBER(G78),G78=T78),"Ahsan, ","")&IF(AND(ISNUMBER(I78),I78=T78),"Aslam, ","")&IF(AND(ISNUMBER(K78),K78=T78),"Jamil, ","")&IF(AND(ISNUMBER(M78),M78=T78),"Muller, ","")&IF(AND(ISNUMBER(O78),O78=T78),"NMMC, ","")&IF(AND(ISNUMBER(Q78),Q78=T78),"Platinum, ",""))-2)) -> Muller | V78: =IF(S78=0,"",T78*F78) -> 84787.5
A79: 74 | B79: 99-98-9120017-74-000-000 | C79: TABLET-ESCITALOPRAM 10 MG | D79: ATCOPRAM (ATCO), ESI-DEP(OBS/AGP), MORCET (SEARLE), CITANEW (HILTON), SERADEP (BH) | E79: PACKET | F79: 50 | G79: 417.35 | H79: CITANEW | M79: 336.52 | N79: ESI-DEP(OBS/AGP) | O79: 221 | P79: ATCOPRAM 10MG TABLET | S79: =COUNT(G79,I79,K79,M79,O79,Q79) -> 3 | T79: =IF(S79=0,"",MIN(G79,I79,K79,M79,O79,Q79)) -> 221 | U79: =IF(S79=0,"No quote",LEFT(IF(AND(ISNUMBER(G79),G79=T79),"Ahsan, ","")&IF(AND(ISNUMBER(I79),I79=T79),"Aslam, ","")&IF(AND(ISNUMBER(K79),K79=T79),"Jamil, ","")&IF(AND(ISNUMBER(M79),M79=T79),"Muller, ","")&IF(AND(ISNUMBER(O79),O79=T79),"NMMC, ","")&IF(AND(ISNUMBER(Q79),Q79=T79),"Platinum, ",""),LEN(IF(AND(ISNUMBER(G79),G79=T79),"Ahsan, ","")&IF(AND(ISNUMBER(I79),I79=T79),"Aslam, ","")&IF(AND(ISNUMBER(K79),K79=T79),"Jamil, ","")&IF(AND(ISNUMBER(M79),M79=T79),"Muller, ","")&IF(AND(ISNUMBER(O79),O79=T79),"NMMC, ","")&IF(AND(ISNUMBER(Q79),Q79=T79),"Platinum, ",""))-2)) -> NMMC | V79: =IF(S79=0,"",T79*F79) -> 11050
A80: 75 | B80: 99-98-9120023-39-000-000 | C80: LOTION-CLOBETASOL WITH SALICYLIC ACID 60 ML | D80: CLOBDERM S (ATCO) | E80: EACH | F80: 100 | O80: 198.14 | P80: CLOBDERM S 60ML LOTION | S80: =COUNT(G80,I80,K80,M80,O80,Q80) -> 1 | T80: =IF(S80=0,"",MIN(G80,I80,K80,M80,O80,Q80)) -> 198.14 | U80: =IF(S80=0,"No quote",LEFT(IF(AND(ISNUMBER(G80),G80=T80),"Ahsan, ","")&IF(AND(ISNUMBER(I80),I80=T80),"Aslam, ","")&IF(AND(ISNUMBER(K80),K80=T80),"Jamil, ","")&IF(AND(ISNUMBER(M80),M80=T80),"Muller, ","")&IF(AND(ISNUMBER(O80),O80=T80),"NMMC, ","")&IF(AND(ISNUMBER(Q80),Q80=T80),"Platinum, ",""),LEN(IF(AND(ISNUMBER(G80),G80=T80),"Ahsan, ","")&IF(AND(ISNUMBER(I80),I80=T80),"Aslam, ","")&IF(AND(ISNUMBER(K80),K80=T80),"Jamil, ","")&IF(AND(ISNUMBER(M80),M80=T80),"Muller, ","")&IF(AND(ISNUMBER(O80),O80=T80),"NMMC, ","")&IF(AND(ISNUMBER(Q80),Q80=T80),"Platinum, ",""))-2)) -> NMMC | V80: =IF(S80=0,"",T80*F80) -> 19814
A81: 76 | B81: 99-98-9120019-21-000-000 | C81: TABLET-MULTIVITAMIN WITH MINERALS & ZINC | D81: SURBEX-Z (ABBOTT), THERAGRAN ULTRA (GSK), VITRUM (SEARLE), CENTRUM SILVER (HALEON), ONCE A DAY A TO Z (CCL) | E81: PACKET | F81: 500 | I81: 1440.67 | J81: Haleon | K81: 390.15 | L81: SURBEX Z TAB | M81: 786.11 | N81: THERAGRAN ULTRA (GSK) | O81: 427.98 | P81: VITRUM TABLET | S81: =COUNT(G81,I81,K81,M81,O81,Q81) -> 4 | T81: =IF(S81=0,"",MIN(G81,I81,K81,M81,O81,Q81)) -> 390.15 | U81: =IF(S81=0,"No quote",LEFT(IF(AND(ISNUMBER(G81),G81=T81),"Ahsan, ","")&IF(AND(ISNUMBER(I81),I81=T81),"Aslam, ","")&IF(AND(ISNUMBER(K81),K81=T81),"Jamil, ","")&IF(AND(ISNUMBER(M81),M81=T81),"Muller, ","")&IF(AND(ISNUMBER(O81),O81=T81),"NMMC, ","")&IF(AND(ISNUMBER(Q81),Q81=T81),"Platinum, ",""),LEN(IF(AND(ISNUMBER(G81),G81=T81),"Ahsan, ","")&IF(AND(ISNUMBER(I81),I81=T81),"Aslam, ","")&IF(AND(ISNUMBER(K81),K81=T81),"Jamil, ","")&IF(AND(ISNUMBER(M81),M81=T81),"Muller, ","")&IF(AND(ISNUMBER(O81),O81=T81),"NMMC, ","")&IF(AND(ISNUMBER(Q81),Q81=T81),"Platinum, ",""))-2)) -> Jamil | V81: =IF(S81=0,"",T81*F81) -> 195075
A82: 77 | B82: 99-98-9120018-42-000-000 | C82: TABLET-ATORVASTATIN 20 MG | D82: LIPIGET (GETZ), LIPIREX (HIGHNOON), LIPITOR (OBS/AGP), TRUVA (SAMI), SENSICON (BH) | E82: PACKET | F82: 150 | G82: 310.25 | H82: TRUVA | M82: 561 | N82: LIPITOR (OBS/AGP) | O82: 408 | P82: LIPIREX 20MG TABLET | S82: =COUNT(G82,I82,K82,M82,O82,Q82) -> 3 | T82: =IF(S82=0,"",MIN(G82,I82,K82,M82,O82,Q82)) -> 310.25 | U82: =IF(S82=0,"No quote",LEFT(IF(AND(ISNUMBER(G82),G82=T82),"Ahsan, ","")&IF(AND(ISNUMBER(I82),I82=T82),"Aslam, ","")&IF(AND(ISNUMBER(K82),K82=T82),"Jamil, ","")&IF(AND(ISNUMBER(M82),M82=T82),"Muller, ","")&IF(AND(ISNUMBER(O82),O82=T82),"NMMC, ","")&IF(AND(ISNUMBER(Q82),Q82=T82),"Platinum, ",""),LEN(IF(AND(ISNUMBER(G82),G82=T82),"Ahsan, ","")&IF(AND(ISNUMBER(I82),I82=T82),"Aslam, ","")&IF(AND(ISNUMBER(K82),K82=T82),"Jamil, ","")&IF(AND(ISNUMBER(M82),M82=T82),"Muller, ","")&IF(AND(ISNUMBER(O82),O82=T82),"NMMC, ","")&IF(AND(ISNUMBER(Q82),Q82=T82),"Platinum, ",""))-2)) -> Ahsan | V82: =IF(S82=0,"",T82*F82) -> 46537.5
A83: 78 | B83: 99-98-9120018-69-000-000 | C83: TABLET-AMLODIPINE 5 MG | D83: NORVASC (OBS/AGP), ONATO (SAMI), AMPRESS (BH), PRESCARD (LCI), LODOPIN (MARTIN DOW) | E83: PACKET | F83: 150 | M83: 439.45 | N83: NORVASC (OBS/AGP) | O83: 138.73 | P83: LODOPIN 5MG TABLET | S83: =COUNT(G83,I83,K83,M83,O83,Q83) -> 2 | T83: =IF(S83=0,"",MIN(G83,I83,K83,M83,O83,Q83)) -> 138.73 | U83: =IF(S83=0,"No quote",LEFT(IF(AND(ISNUMBER(G83),G83=T83),"Ahsan, ","")&IF(AND(ISNUMBER(I83),I83=T83),"Aslam, ","")&IF(AND(ISNUMBER(K83),K83=T83),"Jamil, ","")&IF(AND(ISNUMBER(M83),M83=T83),"Muller, ","")&IF(AND(ISNUMBER(O83),O83=T83),"NMMC, ","")&IF(AND(ISNUMBER(Q83),Q83=T83),"Platinum, ",""),LEN(IF(AND(ISNUMBER(G83),G83=T83),"Ahsan, ","")&IF(AND(ISNUMBER(I83),I83=T83),"Aslam, ","")&IF(AND(ISNUMBER(K83),K83=T83),"Jamil, ","")&IF(AND(ISNUMBER(M83),M83=T83),"Muller, ","")&IF(AND(ISNUMBER(O83),O83=T83),"NMMC, ","")&IF(AND(ISNUMBER(Q83),Q83=T83),"Platinum, ",""))-2)) -> NMMC | V83: =IF(S83=0,"",T83*F83) -> 20809.5
A84: 79 | B84: 99-98-9120018-44-000-000 | C84: TABLET-ATORVASTATIN 10 MG | D84: LIPIGET (GETZ), LIPIREX (HIGHNOON), LIPITOR (OBS/AGP), TRUVA (SAMI), ELWAS (MCOLSON), STATIN (PLATINUM) | E84: PACKET | F84: 450 | G84: 204 | H84: TRUVA | M84: 357 | N84: LIPITOR (OBS/AGP) | O84: 229.075 | P84: LIPIREX 10MG TABLET | Q84: 208.08 | R84: Statin | S84: =COUNT(G84,I84,K84,M84,O84,Q84) -> 4 | T84: =IF(S84=0,"",MIN(G84,I84,K84,M84,O84,Q84)) -> 204 | U84: =IF(S84=0,"No quote",LEFT(IF(AND(ISNUMBER(G84),G84=T84),"Ahsan, ","")&IF(AND(ISNUMBER(I84),I84=T84),"Aslam, ","")&IF(AND(ISNUMBER(K84),K84=T84),"Jamil, ","")&IF(AND(ISNUMBER(M84),M84=T84),"Muller, ","")&IF(AND(ISNUMBER(O84),O84=T84),"NMMC, ","")&IF(AND(ISNUMBER(Q84),Q84=T84),"Platinum, ",""),LEN(IF(AND(ISNUMBER(G84),G84=T84),"Ahsan, ","")&IF(AND(ISNUMBER(I84),I84=T84),"Aslam, ","")&IF(AND(ISNUMBER(K84),K84=T84),"Jamil, ","")&IF(AND(ISNUMBER(M84),M84=T84),"Muller, ","")&IF(AND(ISNUMBER(O84),O84=T84),"NMMC, ","")&IF(AND(ISNUMBER(Q84),Q84=T84),"Platinum, ",""))-2)) -> Ahsan | V84: =IF(S84=0,"",T84*F84) -> 91800
A85: 80 | B85: 99-98-9120018-06-000-000 | C85: TABLET-ATTAPULGITE | D85: ENTOX-P (LCI) | E85: PACKET | F85: 50 | S85: =COUNT(G85,I85,K85,M85,O85,Q85) -> 0 | T85: =IF(S85=0,"",MIN(G85,I85,K85,M85,O85,Q85)) | U85: =IF(S85=0,"No quote",LEFT(IF(AND(ISNUMBER(G85),G85=T85),"Ahsan, ","")&IF(AND(ISNUMBER(I85),I85=T85),"Aslam, ","")&IF(AND(ISNUMBER(K85),K85=T85),"Jamil, ","")&IF(AND(ISNUMBER(M85),M85=T85),"Muller, ","")&IF(AND(ISNUMBER(O85),O85=T85),"NMMC, ","")&IF(AND(ISNUMBER(Q85),Q85=T85),"Platinum, ",""),LEN(IF(AND(ISNUMBER(G85),G85=T85),"Ahsan, ","")&IF(AND(ISNUMBER(I85),I85=T85),"Aslam, ","")&IF(AND(ISNUMBER(K85),K85=T85),"Jamil, ","")&IF(AND(ISNUMBER(M85),M85=T85),"Muller, ","")&IF(AND(ISNUMBER(O85),O85=T85),"NMMC, ","")&IF(AND(ISNUMBER(Q85),Q85=T85),"Platinum, ",""))-2)) -> No quote | V85: =IF(S85=0,"",T85*F85)
A86: 81 | B86: 99-98-9120017-36-000-000 | C86: TABLET-IBUPROFEN WITH PSEUDOEPHEDRINE 400 MG | D86: ARINAC FORTE (ABBOTT) | E86: PACKET | F86: 100 | K86: 1211.25 | L86: ARINAC FORT TAB | S86: =COUNT(G86,I86,K86,M86,O86,Q86) -> 1 | T86: =IF(S86=0,"",MIN(G86,I86,K86,M86,O86,Q86)) -> 1211.25 | U86: =IF(S86=0,"No quote",LEFT(IF(AND(ISNUMBER(G86),G86=T86),"Ahsan, ","")&IF(AND(ISNUMBER(I86),I86=T86),"Aslam, ","")&IF(AND(ISNUMBER(K86),K86=T86),"Jamil, ","")&IF(AND(ISNUMBER(M86),M86=T86),"Muller, ","")&IF(AND(ISNUMBER(O86),O86=T86),"NMMC, ","")&IF(AND(ISNUMBER(Q86),Q86=T86),"Platinum, ",""),LEN(IF(AND(ISNUMBER(G86),G86=T86),"Ahsan, ","")&IF(AND(ISNUMBER(I86),I86=T86),"Aslam, ","")&IF(AND(ISNUMBER(K86),K86=T86),"Jamil, ","")&IF(AND(ISNUMBER(M86),M86=T86),"Muller, ","")&IF(AND(ISNUMBER(O86),O86=T86),"NMMC, ","")&IF(AND(ISNUMBER(Q86),Q86=T86),"Platinum, ",""))-2)) -> Jamil | V86: =IF(S86=0,"",T86*F86) -> 121125
A87: 82 | B87: 99-98-9120027-18-000-000 | C87: NEBULISER-BECLOMETHASONE WITH SALBUTAMOL | D87: CLENIL COMP A NEBULISER (CHIESI) | E87: PACKET | F87: 150 | S87: =COUNT(G87,I87,K87,M87,O87,Q87) -> 0 | T87: =IF(S87=0,"",MIN(G87,I87,K87,M87,O87,Q87)) | U87: =IF(S87=0,"No quote",LEFT(IF(AND(ISNUMBER(G87),G87=T87),"Ahsan, ","")&IF(AND(ISNUMBER(I87),I87=T87),"Aslam, ","")&IF(AND(ISNUMBER(K87),K87=T87),"Jamil, ","")&IF(AND(ISNUMBER(M87),M87=T87),"Muller, ","")&IF(AND(ISNUMBER(O87),O87=T87),"NMMC, ","")&IF(AND(ISNUMBER(Q87),Q87=T87),"Platinum, ",""),LEN(IF(AND(ISNUMBER(G87),G87=T87),"Ahsan, ","")&IF(AND(ISNUMBER(I87),I87=T87),"Aslam, ","")&IF(AND(ISNUMBER(K87),K87=T87),"Jamil, ","")&IF(AND(ISNUMBER(M87),M87=T87),"Muller, ","")&IF(AND(ISNUMBER(O87),O87=T87),"NMMC, ","")&IF(AND(ISNUMBER(Q87),Q87=T87),"Platinum, ",""))-2)) -> No quote | V87: =IF(S87=0,"",T87*F87)
A88: 83 | B88: 99-98-9120011-42-000-000 | C88: CAPSULE-DEXLANSOPRAZOLE 30 MG | D88: RAZODEX (GETZ), DXL (HIGHNOON), DAPLAZOL (OBS/AGP), DELANZO (SAMI), DEXXOO (HORIZON),BIFASIC (MCOLSON) | E88: PACKET | F88: 400 | G88: 650.25 | H88: DELANZO | M88: 660.96 | N88: DAPLAZOL (OBS/AGP) | O88: 531.08 | P88: DXL 30MG CAPSULE | S88: =COUNT(G88,I88,K88,M88,O88,Q88) -> 3 | T88: =IF(S88=0,"",MIN(G88,I88,K88,M88,O88,Q88)) -> 531.08 | U88: =IF(S88=0,"No quote",LEFT(IF(AND(ISNUMBER(G88),G88=T88),"Ahsan, ","")&IF(AND(ISNUMBER(I88),I88=T88),"Aslam, ","")&IF(AND(ISNUMBER(K88),K88=T88),"Jamil, ","")&IF(AND(ISNUMBER(M88),M88=T88),"Muller, ","")&IF(AND(ISNUMBER(O88),O88=T88),"NMMC, ","")&IF(AND(ISNUMBER(Q88),Q88=T88),"Platinum, ",""),LEN(IF(AND(ISNUMBER(G88),G88=T88),"Ahsan, ","")&IF(AND(ISNUMBER(I88),I88=T88),"Aslam, ","")&IF(AND(ISNUMBER(K88),K88=T88),"Jamil, ","")&IF(AND(ISNUMBER(M88),M88=T88),"Muller, ","")&IF(AND(ISNUMBER(O88),O88=T88),"NMMC, ","")&IF(AND(ISNUMBER(Q88),Q88=T88),"Platinum, ",""))-2)) -> NMMC | V88: =IF(S88=0,"",T88*F88) -> 212432
A89: 84 | B89: 99-98-9120017-73-000-000 | C89: TABLET-CIPROFLOXACIN 500 MG | D89: CIPESTA (GETZ), CIPVAL (GSK), CYROCIN (HIGHNOON), CIPROXIN (OBS/AGP), NOVIDAT (SAMI), MERCIP (MARTIN DOW) | E89: PACKET | F89: 300 | G89: 378.25 | H89: NOVIDAT | M89: 617.185 | N89: CIPROXIN (OBS) | O89: 145.35 | P89: CYROCIN 500MG TABLET | S89: =COUNT(G89,I89,K89,M89,O89,Q89) -> 3 | T89: =IF(S89=0,"",MIN(G89,I89,K89,M89,O89,Q89)) -> 145.35 | U89: =IF(S89=0,"No quote",LEFT(IF(AND(ISNUMBER(G89),G89=T89),"Ahsan, ","")&IF(AND(ISNUMBER(I89),I89=T89),"Aslam, ","")&IF(AND(ISNUMBER(K89),K89=T89),"Jamil, ","")&IF(AND(ISNUMBER(M89),M89=T89),"Muller, ","")&IF(AND(ISNUMBER(O89),O89=T89),"NMMC, ","")&IF(AND(ISNUMBER(Q89),Q89=T89),"Platinum, ",""),LEN(IF(AND(ISNUMBER(G89),G89=T89),"Ahsan, ","")&IF(AND(ISNUMBER(I89),I89=T89),"Aslam, ","")&IF(AND(ISNUMBER(K89),K89=T89),"Jamil, ","")&IF(AND(ISNUMBER(M89),M89=T89),"Muller, ","")&IF(AND(ISNUMBER(O89),O89=T89),"NMMC, ","")&IF(AND(ISNUMBER(Q89),Q89=T89),"Platinum, ",""))-2)) -> NMMC | V89: =IF(S89=0,"",T89*F89) -> 43605
A90: 85 | B90: 99-98-9120019-61-000-000 | C90: TABLET-DICLOFENAC POTASSIUM 50 MG | D90: DICLOREP (SAMI), MAXIT (HILTON), ARTIMOV-K (BH), CAFLAM (HALEON) | E90: PACKET | F90: 250 | G90: 340 | H90: DICLOREP | M90: 347.01 | N90: CAFLAM (NOVARTIS) | S90: =COUNT(G90,I90,K90,M90,O90,Q90) -> 2 | T90: =IF(S90=0,"",MIN(G90,I90,K90,M90,O90,Q90)) -> 340 | U90: =IF(S90=0,"No quote",LEFT(IF(AND(ISNUMBER(G90),G90=T90),"Ahsan, ","")&IF(AND(ISNUMBER(I90),I90=T90),"Aslam, ","")&IF(AND(ISNUMBER(K90),K90=T90),"Jamil, ","")&IF(AND(ISNUMBER(M90),M90=T90),"Muller, ","")&IF(AND(ISNUMBER(O90),O90=T90),"NMMC, ","")&IF(AND(ISNUMBER(Q90),Q90=T90),"Platinum, ",""),LEN(IF(AND(ISNUMBER(G90),G90=T90),"Ahsan, ","")&IF(AND(ISNUMBER(I90),I90=T90),"Aslam, ","")&IF(AND(ISNUMBER(K90),K90=T90),"Jamil, ","")&IF(AND(ISNUMBER(M90),M90=T90),"Muller, ","")&IF(AND(ISNUMBER(O90),O90=T90),"NMMC, ","")&IF(AND(ISNUMBER(Q90),Q90=T90),"Platinum, ",""))-2)) -> Ahsan | V90: =IF(S90=0,"",T90*F90) -> 85000
A91: 86 | B91: 99-98-9120017-99-000-000 | C91: TABLET-VALSARTAN 80 MG | D91: COVA (GETZ), VALFORGE (HIGHNOON), DIOVAN (OBS/AGP), SEVIA (SAMI), ARBIVAL (MCOLSON) | E91: PACKET | F91: 50 | M91: 550.8 | N91: COVA (GETZ) | S91: =COUNT(G91,I91,K91,M91,O91,Q91) -> 1 | T91: =IF(S91=0,"",MIN(G91,I91,K91,M91,O91,Q91)) -> 550.8 | U91: =IF(S91=0,"No quote",LEFT(IF(AND(ISNUMBER(G91),G91=T91),"Ahsan, ","")&IF(AND(ISNUMBER(I91),I91=T91),"Aslam, ","")&IF(AND(ISNUMBER(K91),K91=T91),"Jamil, ","")&IF(AND(ISNUMBER(M91),M91=T91),"Muller, ","")&IF(AND(ISNUMBER(O91),O91=T91),"NMMC, ","")&IF(AND(ISNUMBER(Q91),Q91=T91),"Platinum, ",""),LEN(IF(AND(ISNUMBER(G91),G91=T91),"Ahsan, ","")&IF(AND(ISNUMBER(I91),I91=T91),"Aslam, ","")&IF(AND(ISNUMBER(K91),K91=T91),"Jamil, ","")&IF(AND(ISNUMBER(M91),M91=T91),"Muller, ","")&IF(AND(ISNUMBER(O91),O91=T91),"NMMC, ","")&IF(AND(ISNUMBER(Q91),Q91=T91),"Platinum, ",""))-2)) -> Muller | V91: =IF(S91=0,"",T91*F91) -> 27540
A92: 87 | B92: 99-98-9120018-16-000-000 | C92: TABLET-METRONIDAZOLE 400 MG | D92: FLAGYL (HOECHST/ SANOFI), KLINT (SAMI), METROZINE (SEARLE),GRAMEX (PLATINUM) | E92: PACKET | F92: 25 | I92: 809.55 | J92: Hochest | Q92: 312.37 | R92: Gramex | S92: =COUNT(G92,I92,K92,M92,O92,Q92) -> 2 | T92: =IF(S92=0,"",MIN(G92,I92,K92,M92,O92,Q92)) -> 312.37 | U92: =IF(S92=0,"No quote",LEFT(IF(AND(ISNUMBER(G92),G92=T92),"Ahsan, ","")&IF(AND(ISNUMBER(I92),I92=T92),"Aslam, ","")&IF(AND(ISNUMBER(K92),K92=T92),"Jamil, ","")&IF(AND(ISNUMBER(M92),M92=T92),"Muller, ","")&IF(AND(ISNUMBER(O92),O92=T92),"NMMC, ","")&IF(AND(ISNUMBER(Q92),Q92=T92),"Platinum, ",""),LEN(IF(AND(ISNUMBER(G92),G92=T92),"Ahsan, ","")&IF(AND(ISNUMBER(I92),I92=T92),"Aslam, ","")&IF(AND(ISNUMBER(K92),K92=T92),"Jamil, ","")&IF(AND(ISNUMBER(M92),M92=T92),"Muller, ","")&IF(AND(ISNUMBER(O92),O92=T92),"NMMC, ","")&IF(AND(ISNUMBER(Q92),Q92=T92),"Platinum, ",""))-2)) -> Platinum | V92: =IF(S92=0,"",T92*F92) -> 7809.25
A93: 88 | B93: 99-98-9120018-01-000-000 | C93: TABLET-ASPIRIN 300 MG | D93: ASCARD (ATCO), DISPRIN (RECKITT) | E93: PACKET | F93: 100 | I93: 265.31 | J93: Reckitt | O93: 1592.37 | P93: DISPRIN 300MG TABLET | S93: =COUNT(G93,I93,K93,M93,O93,Q93) -> 2 | T93: =IF(S93=0,"",MIN(G93,I93,K93,M93,O93,Q93)) -> 265.31 | U93: =IF(S93=0,"No quote",LEFT(IF(AND(ISNUMBER(G93),G93=T93),"Ahsan, ","")&IF(AND(ISNUMBER(I93),I93=T93),"Aslam, ","")&IF(AND(ISNUMBER(K93),K93=T93),"Jamil, ","")&IF(AND(ISNUMBER(M93),M93=T93),"Muller, ","")&IF(AND(ISNUMBER(O93),O93=T93),"NMMC, ","")&IF(AND(ISNUMBER(Q93),Q93=T93),"Platinum, ",""),LEN(IF(AND(ISNUMBER(G93),G93=T93),"Ahsan, ","")&IF(AND(ISNUMBER(I93),I93=T93),"Aslam, ","")&IF(AND(ISNUMBER(K93),K93=T93),"Jamil, ","")&IF(AND(ISNUMBER(M93),M93=T93),"Muller, ","")&IF(AND(ISNUMBER(O93),O93=T93),"NMMC, ","")&IF(AND(ISNUMBER(Q93),Q93=T93),"Platinum, ",""))-2)) -> Aslam | V93: =IF(S93=0,"",T93*F93) -> 26531
A94: 89 | B94: 99-98-9120023-49-000-000 | C94: NASAL SPRAY-XYLOMETAZOLINE-AQ 0.1% 15 ML | D94: XOLISAN (SANTE), XYNOSINE AQ (ZAFA), METAZOLINE (VEGA) | E94: EACH | F94: 200 | I94: 61.16 | J94: Zafa | S94: =COUNT(G94,I94,K94,M94,O94,Q94) -> 1 | T94: =IF(S94=0,"",MIN(G94,I94,K94,M94,O94,Q94)) -> 61.16 | U94: =IF(S94=0,"No quote",LEFT(IF(AND(ISNUMBER(G94),G94=T94),"Ahsan, ","")&IF(AND(ISNUMBER(I94),I94=T94),"Aslam, ","")&IF(AND(ISNUMBER(K94),K94=T94),"Jamil, ","")&IF(AND(ISNUMBER(M94),M94=T94),"Muller, ","")&IF(AND(ISNUMBER(O94),O94=T94),"NMMC, ","")&IF(AND(ISNUMBER(Q94),Q94=T94),"Platinum, ",""),LEN(IF(AND(ISNUMBER(G94),G94=T94),"Ahsan, ","")&IF(AND(ISNUMBER(I94),I94=T94),"Aslam, ","")&IF(AND(ISNUMBER(K94),K94=T94),"Jamil, ","")&IF(AND(ISNUMBER(M94),M94=T94),"Muller, ","")&IF(AND(ISNUMBER(O94),O94=T94),"NMMC, ","")&IF(AND(ISNUMBER(Q94),Q94=T94),"Platinum, ",""))-2)) -> Aslam | V94: =IF(S94=0,"",T94*F94) -> 12232
A95: 90 | B95: 99-98-9120015-76-000-000 | C95: SYRUP-MULTIVITAMIN WITH B COMPLEX 120 ML | D95: VI-DAYLIN (ABBOTT), REGNUM (LCI), POLYBION FORTE (MARTIN DOW) | E95: EACH | F95: 100 | K95: 153.43 | L95: VIDAYLIN SYRUP | O95: 130.05 | P95: POLYBION FORTE 120ML SYRUP | S95: =COUNT(G95,I95,K95,M95,O95,Q95) -> 2 | T95: =IF(S95=0,"",MIN(G95,I95,K95,M95,O95,Q95)) -> 130.05 | U95: =IF(S95=0,"No quote",LEFT(IF(AND(ISNUMBER(G95),G95=T95),"Ahsan, ","")&IF(AND(ISNUMBER(I95),I95=T95),"Aslam, ","")&IF(AND(ISNUMBER(K95),K95=T95),"Jamil, ","")&IF(AND(ISNUMBER(M95),M95=T95),"Muller, ","")&IF(AND(ISNUMBER(O95),O95=T95),"NMMC, ","")&IF(AND(ISNUMBER(Q95),Q95=T95),"Platinum, ",""),LEN(IF(AND(ISNUMBER(G95),G95=T95),"Ahsan, ","")&IF(AND(ISNUMBER(I95),I95=T95),"Aslam, ","")&IF(AND(ISNUMBER(K95),K95=T95),"Jamil, ","")&IF(AND(ISNUMBER(M95),M95=T95),"Muller, ","")&IF(AND(ISNUMBER(O95),O95=T95),"NMMC, ","")&IF(AND(ISNUMBER(Q95),Q95=T95),"Platinum, ",""))-2)) -> NMMC | V95: =IF(S95=0,"",T95*F95) -> 13005
A96: 91 | B96: 99-98-9120015-75-000-000 | C96: SYRUP-MEBENDAZOLE 100 MG 30 ML | D96: VERMOX (OBS/AGP) | E96: EACH | F96: 100 | M96: 148.75 | N96: VERMOX (ASPIN) | S96: =COUNT(G96,I96,K96,M96,O96,Q96) -> 1 | T96: =IF(S96=0,"",MIN(G96,I96,K96,M96,O96,Q96)) -> 148.75 | U96: =IF(S96=0,"No quote",LEFT(IF(AND(ISNUMBER(G96),G96=T96),"Ahsan, ","")&IF(AND(ISNUMBER(I96),I96=T96),"Aslam, ","")&IF(AND(ISNUMBER(K96),K96=T96),"Jamil, ","")&IF(AND(ISNUMBER(M96),M96=T96),"Muller, ","")&IF(AND(ISNUMBER(O96),O96=T96),"NMMC, ","")&IF(AND(ISNUMBER(Q96),Q96=T96),"Platinum, ",""),LEN(IF(AND(ISNUMBER(G96),G96=T96),"Ahsan, ","")&IF(AND(ISNUMBER(I96),I96=T96),"Aslam, ","")&IF(AND(ISNUMBER(K96),K96=T96),"Jamil, ","")&IF(AND(ISNUMBER(M96),M96=T96),"Muller, ","")&IF(AND(ISNUMBER(O96),O96=T96),"NMMC, ","")&IF(AND(ISNUMBER(Q96),Q96=T96),"Platinum, ",""))-2)) -> Muller | V96: =IF(S96=0,"",T96*F96) -> 14875
A97: 92 | B97: 99-98-9120015-73-000-000 | C97: SYRUP-SUCRALFATE 1G/5ML 20 ML | D97: ULSANIC (HIGHNOON), SUCTAL (HORIZON) | E97: EACH | F97: 200 | O97: 351.48 | P97: ULSANIC 1G/5ML 20ML SYRUP | S97: =COUNT(G97,I97,K97,M97,O97,Q97) -> 1 | T97: =IF(S97=0,"",MIN(G97,I97,K97,M97,O97,Q97)) -> 351.48 | U97: =IF(S97=0,"No quote",LEFT(IF(AND(ISNUMBER(G97),G97=T97),"Ahsan, ","")&IF(AND(ISNUMBER(I97),I97=T97),"Aslam, ","")&IF(AND(ISNUMBER(K97),K97=T97),"Jamil, ","")&IF(AND(ISNUMBER(M97),M97=T97),"Muller, ","")&IF(AND(ISNUMBER(O97),O97=T97),"NMMC, ","")&IF(AND(ISNUMBER(Q97),Q97=T97),"Platinum, ",""),LEN(IF(AND(ISNUMBER(G97),G97=T97),"Ahsan, ","")&IF(AND(ISNUMBER(I97),I97=T97),"Aslam, ","")&IF(AND(ISNUMBER(K97),K97=T97),"Jamil, ","")&IF(AND(ISNUMBER(M97),M97=T97),"Muller, ","")&IF(AND(ISNUMBER(O97),O97=T97),"NMMC, ","")&IF(AND(ISNUMBER(Q97),Q97=T97),"Platinum, ",""))-2)) -> NMMC | V97: =IF(S97=0,"",T97*F97) -> 70296
A98: 93 | B98: 99-98-9120015-58-000-000 | C98: SYRUP-CALCIUM CARBONATE WITH VITAMIN D3 120 ML | D98: OSNATE-D (OBS/AGP), INTIG-D (SAMI), ESEGROW (BH), CAL-ONE (MARTIN DOW), OSSOBON-D (PLATINUM) | E98: EACH | F98: 200 | M98: 569.5 | N98: OSNATE-D (OBS/AGP) | Q98: 382.5 | R98: Ossobon-D | S98: =COUNT(G98,I98,K98,M98,O98,Q98) -> 2 | T98: =IF(S98=0,"",MIN(G98,I98,K98,M98,O98,Q98)) -> 382.5 | U98: =IF(S98=0,"No quote",LEFT(IF(AND(ISNUMBER(G98),G98=T98),"Ahsan, ","")&IF(AND(ISNUMBER(I98),I98=T98),"Aslam, ","")&IF(AND(ISNUMBER(K98),K98=T98),"Jamil, ","")&IF(AND(ISNUMBER(M98),M98=T98),"Muller, ","")&IF(AND(ISNUMBER(O98),O98=T98),"NMMC, ","")&IF(AND(ISNUMBER(Q98),Q98=T98),"Platinum, ",""),LEN(IF(AND(ISNUMBER(G98),G98=T98),"Ahsan, ","")&IF(AND(ISNUMBER(I98),I98=T98),"Aslam, ","")&IF(AND(ISNUMBER(K98),K98=T98),"Jamil, ","")&IF(AND(ISNUMBER(M98),M98=T98),"Muller, ","")&IF(AND(ISNUMBER(O98),O98=T98),"NMMC, ","")&IF(AND(ISNUMBER(Q98),Q98=T98),"Platinum, ",""))-2)) -> Platinum | V98: =IF(S98=0,"",T98*F98) -> 76500
A99: 94 | B99: 99-98-9120015-49-000-000 | C99: SYRUP-DIMEMORFAN PHOSPHATE 60 ML | D99: INVENTIVE (AMSON) | E99: EACH | F99: 100 | S99: =COUNT(G99,I99,K99,M99,O99,Q99) -> 0 | T99: =IF(S99=0,"",MIN(G99,I99,K99,M99,O99,Q99)) | U99: =IF(S99=0,"No quote",LEFT(IF(AND(ISNUMBER(G99),G99=T99),"Ahsan, ","")&IF(AND(ISNUMBER(I99),I99=T99),"Aslam, ","")&IF(AND(ISNUMBER(K99),K99=T99),"Jamil, ","")&IF(AND(ISNUMBER(M99),M99=T99),"Muller, ","")&IF(AND(ISNUMBER(O99),O99=T99),"NMMC, ","")&IF(AND(ISNUMBER(Q99),Q99=T99),"Platinum, ",""),LEN(IF(AND(ISNUMBER(G99),G99=T99),"Ahsan, ","")&IF(AND(ISNUMBER(I99),I99=T99),"Aslam, ","")&IF(AND(ISNUMBER(K99),K99=T99),"Jamil, ","")&IF(AND(ISNUMBER(M99),M99=T99),"Muller, ","")&IF(AND(ISNUMBER(O99),O99=T99),"NMMC, ","")&IF(AND(ISNUMBER(Q99),Q99=T99),"Platinum, ",""))-2)) -> No quote | V99: =IF(S99=0,"",T99*F99)
A100: 95 | B100: 99-98-9120015-48-000-000 | C100: SYRUP-DEXTROMETHORPHAN CONTAINING COUGH SUPPRESENT 120 ML; HYDRYLLIN-DM (SEARLE), DAYCOR (ABBOTT), NICOR (ABBOTT) | E100: EACH | F100: 100 | O100: 146.88 | P100: HYDRYLLIN-DM 120 ML SYRUP | S100: =COUNT(G100,I100,K100,M100,O100,Q100) -> 1 | T100: =IF(S100=0,"",MIN(G100,I100,K100,M100,O100,Q100)) -> 146.88 | U100: =IF(S100=0,"No quote",LEFT(IF(AND(ISNUMBER(G100),G100=T100),"Ahsan, ","")&IF(AND(ISNUMBER(I100),I100=T100),"Aslam, ","")&IF(AND(ISNUMBER(K100),K100=T100),"Jamil, ","")&IF(AND(ISNUMBER(M100),M100=T100),"Muller, ","")&IF(AND(ISNUMBER(O100),O100=T100),"NMMC, ","")&IF(AND(ISNUMBER(Q100),Q100=T100),"Platinum, ",""),LEN(IF(AND(ISNUMBER(G100),G100=T100),"Ahsan, ","")&IF(AND(ISNUMBER(I100),I100=T100),"Aslam, ","")&IF(AND(ISNUMBER(K100),K100=T100),"Jamil, ","")&IF(AND(ISNUMBER(M100),M100=T100),"Muller, ","")&IF(AND(ISNUMBER(O100),O100=T100),"NMMC, ","")&IF(AND(ISNUMBER(Q100),Q100=T100),"Platinum, ",""))-2)) -> NMMC | V100: =IF(S100=0,"",T100*F100) -> 14688
A101: 96 | B101: 99-98-9120015-47-000-000 | C101: SYRUP-EXPECTORANT COUGH PREPARATION CONTAINING AMINOPHYLLINE & AMMONIUM CHLORIDE 120 ML | D101: HYDRYLLIN PLAIN (SEARLE), ACEFYL COUGH (NABI QASIM), TRIAMINIC (NOVARTIS), COSOME-E (MARTIN DOW) | E101: EACH | F101: 1200 | I101: 186.15 | J101: Nabi Qasim | M101: 117.3 | N101: COSOME-E (MARTIN DOW) | O101: 105.57 | P101: COSOME-E COUGH 120ML SYRUP | S101: =COUNT(G101,I101,K101,M101,O101,Q101) -> 3 | T101: =IF(S101=0,"",MIN(G101,I101,K101,M101,O101,Q101)) -> 105.57 | U101: =IF(S101=0,"No quote",LEFT(IF(AND(ISNUMBER(G101),G101=T101),"Ahsan, ","")&IF(AND(ISNUMBER(I101),I101=T101),"Aslam, ","")&IF(AND(ISNUMBER(K101),K101=T101),"Jamil, ","")&IF(AND(ISNUMBER(M101),M101=T101),"Muller, ","")&IF(AND(ISNUMBER(O101),O101=T101),"NMMC, ","")&IF(AND(ISNUMBER(Q101),Q101=T101),"Platinum, ",""),LEN(IF(AND(ISNUMBER(G101),G101=T101),"Ahsan, ","")&IF(AND(ISNUMBER(I101),I101=T101),"Aslam, ","")&IF(AND(ISNUMBER(K101),K101=T101),"Jamil, ","")&IF(AND(ISNUMBER(M101),M101=T101),"Muller, ","")&IF(AND(ISNUMBER(O101),O101=T101),"NMMC, ","")&IF(AND(ISNUMBER(Q101),Q101=T101),"Platinum, ",""))-2)) -> NMMC | V101: =IF(S101=0,"",T101*F101) -> 126684
...

Sheet Vendor Summary
A1: VENDOR-WISE SUMMARY
A3: Vendor | B3: Items Quoted | C3: Items at Lowest Rate (L1) | D3: Value of L1 Items
A4: Ahsan | B4: =COUNT(Comparative!G6:G129) -> 45 | C4: =COUNTIF(Comparative!$U$6:$U$129,"*Ahsan*") -> 17 | D4: =SUMIF(Comparative!$U$6:$U$129,"*Ahsan*",Comparative!$V$6:$V$129) -> 592087.5
A5: Aslam | B5: =COUNT(Comparative!I6:I129) -> 40 | C5: =COUNTIF(Comparative!$U$6:$U$129,"*Aslam*") -> 15 | D5: =SUMIF(Comparative!$U$6:$U$129,"*Aslam*",Comparative!$V$6:$V$129) -> 626325.5
A6: Jamil | B6: =COUNT(Comparative!K6:K129) -> 33 | C6: =COUNTIF(Comparative!$U$6:$U$129,"*Jamil*") -> 12 | D6: =SUMIF(Comparative!$U$6:$U$129,"*Jamil*",Comparative!$V$6:$V$129) -> 771799.6
A7: Muller | B7: =COUNT(Comparative!M6:M129) -> 56 | C7: =COUNTIF(Comparative!$U$6:$U$129,"*Muller*") -> 17 | D7: =SUMIF(Comparative!$U$6:$U$129,"*Muller*",Comparative!$V$6:$V$129) -> 3002991
A8: NMMC | B8: =COUNT(Comparative!O6:O129) -> 68 | C8: =COUNTIF(Comparative!$U$6:$U$129,"*NMMC*") -> 51 | D8: =SUMIF(Comparative!$U$6:$U$129,"*NMMC*",Comparative!$V$6:$V$129) -> 3686576
A9: Platinum | B9: =COUNT(Comparative!Q6:Q129) -> 8 | C9: =COUNTIF(Comparative!$U$6:$U$129,"*Platinum*") -> 6 | D9: =SUMIF(Comparative!$U$6:$U$129,"*Platinum*",Comparative!$V$6:$V$129) -> 277219.25
A10: Items with no quote | C10: =COUNTIF(Comparative!$U$6:$U$129,"No quote") -> 10
A11: Total items in RFQ | C11: =COUNTA(Comparative!B6:B129) -> 124
A13: Notes:
A14: 1. Where two or more vendors quote the same lowest rate (tie), all are shown and each is counted as L1 above.
A15: 2. Aslam quoted company/manufacturer names (e.g. Bosch, Searle, Haleon) instead of brand names, and gave no totals.
A16: 3. Some vendors stated pack sizes in remarks (e.g. Aslam "6's", "14's") – confirm pack size matches the UOM before award.
A17: 4. NMMC "NIL" and Platinum "NA" entries are treated as not quoted.
A18: 5. Source: vendor RFQ files Ahsan.xls, Aslam.xls, Jamil.xls, Muller.xls, NMMC.xls, Platinum.xls (rates entered as received).
A19: 6. Aslam_2.xls was checked cell by cell and is identical to Aslam.xls (same rates, brands, remarks), so it is not shown as a separate vendor.
